{"Tesla V100-SXM2-16GB": {"_Z10addsgd4_SMILb1EEviiiiiiiiiPdPKdS2_S2_S2_S2_S2_S2_S2_S2_S2_S2_S2_d": {"estimated_time": 2362.5863026173106, "type": "Memory", "krn_op_ratio": 1.2015426141674908, "dev_op_ratio": 2.626624849400974, "deviation_angle": 0.3303333903831492, "throughput": 936.4952901423753, "bandwidth": 779.4108, "l2_bandwidth": 973.3961132392583}, "_Z6rhs4_XILb1ELb1EEviiiiiiiiiPdPKdS2_S2_S2_S2_S2_S2_S2_S2_dd": {"estimated_time": 192.27957364717042, "type": "Memory", "krn_op_ratio": 0.9240720500212601, "dev_op_ratio": 3.7869554356058295, "deviation_angle": 0.566668520889717, "throughput": 720.2317357647104, "bandwidth": 779.4108, "l2_bandwidth": 622.536117225063}, "_Z7rhs4_v2ILb1ELb1EEviiiiiiiiiPdPKdS2_S2_S2_S2_S2_S2_S2_S2_dd": {"estimated_time": 2498.0392926651216, "type": "Compute", "krn_op_ratio": 4.453960724701076, "dev_op_ratio": 4.122454523504486, "deviation_angle": -0.017120475280970045, "throughput": 3213.0855781282507, "bandwidth": 721.3996208608, "l2_bandwidth": 958.0153901673709}, "_Z9dpdmt_deviiiiiiPdS_S_S_di": {"estimated_time": 1708.8391762598108, "type": "Memory", "krn_op_ratio": 0.12495821825548387, "dev_op_ratio": 1.3089377385563892, "deviation_angle": 0.7940951228143494, "throughput": 97.39378485708129, "bandwidth": 779.4108, "l2_bandwidth": 779.3378292197579}, "_Z7rhs4_v2ILb1ELb0EEviiiiiiiiiPdPKdS2_S2_S2_S2_S2_S2_S2_S2_dd": {"estimated_time": 2479.228509636691, "type": "Compute", "krn_op_ratio": 4.806522213495243, "dev_op_ratio": 4.121440163832683, "deviation_angle": -0.032909250461709574, "throughput": 3212.2949752449626, "bandwidth": 668.3200103030465, "l2_bandwidth": 950.1450124939054}, "_Z6rhs4_XILb1ELb0EEviiiiiiiiiPdPKdS2_S2_S2_S2_S2_S2_S2_S2_dd": {"estimated_time": 178.57250109441645, "type": "Memory", "krn_op_ratio": 0.9904165528586869, "dev_op_ratio": 3.7941067807696816, "deviation_angle": 0.5325069663906341, "throughput": 771.9413577968314, "bandwidth": 779.4108, "l2_bandwidth": 617.2081351188859}, "_Z9addsgd4_XILb1EEviiiiiiiiiPdPKdS2_S2_S2_S2_S2_S2_S2_S2_S2_S2_S2_d": {"estimated_time": 162.03881126615133, "type": "Memory", "krn_op_ratio": 0.30866818608652713, "dev_op_ratio": 2.379979964228998, "deviation_angle": 0.8736323067369081, "throughput": 240.57931785224898, "bandwidth": 779.4108, "l2_bandwidth": 697.0728894232204}}}
