{"Tesla V100-SXM2-16GB": {"_Z10addsgd4_SMILb1EEviiiiiiiiiPdPKdS2_S2_S2_S2_S2_S2_S2_S2_S2_S2_S2_d": {"estimated_time": 3923.3017863442487, "type": "Memory", "krn_op_ratio": 1.1408413672180153, "dev_op_ratio": 2.607544556488824, "deviation_angle": 0.35350092196902455, "throughput": 889.184082696487, "bandwidth": 779.4108, "l2_bandwidth": 886.3413007583705}, "_Z6rhs4_XILb1ELb1EEviiiiiiiiiPdPKdS2_S2_S2_S2_S2_S2_S2_S2_dd": {"estimated_time": 342.7745234015233, "type": "Memory", "krn_op_ratio": 1.041338071995208, "dev_op_ratio": 3.783234899878904, "deviation_angle": 0.5067364168098074, "throughput": 811.6301397642426, "bandwidth": 779.4108, "l2_bandwidth": 594.0697246086378}, "_Z7rhs4_v2ILb1ELb0EEviiiiiiiiiPdPKdS2_S2_S2_S2_S2_S2_S2_S2_dd": {"estimated_time": 3956.683907419415, "type": "Compute", "krn_op_ratio": 4.814231825776332, "dev_op_ratio": 4.106414589853127, "deviation_angle": -0.0340669024863774, "throughput": 3200.583880609098, "bandwidth": 664.8171497418447, "l2_bandwidth": 901.0836052327776}, "_Z9dpdmt_deviiiiiiPdS_S_S_di": {"estimated_time": 2727.2768640516656, "type": "Memory", "krn_op_ratio": 0.12495539359039096, "dev_op_ratio": 1.3067117940342534, "deviation_angle": 0.7932766450413827, "throughput": 97.39158328260149, "bandwidth": 779.4108, "l2_bandwidth": 779.3252325905904}, "_Z6rhs4_XILb1ELb0EEviiiiiiiiiPdPKdS2_S2_S2_S2_S2_S2_S2_S2_dd": {"estimated_time": 317.7899373629414, "type": "Memory", "krn_op_ratio": 1.1180299832770253, "dev_op_ratio": 3.7904890413365657, "deviation_angle": 0.4717882815247134, "throughput": 871.4046436899329, "bandwidth": 779.4108, "l2_bandwidth": 588.5180793827416}, "_Z9addsgd4_XILb1EEviiiiiiiiiPdPKdS2_S2_S2_S2_S2_S2_S2_S2_S2_S2_S2_d": {"estimated_time": 296.60807877950884, "type": "Memory", "krn_op_ratio": 0.33870162265587367, "dev_op_ratio": 2.3753162135852652, "deviation_angle": 0.8457472849067924, "throughput": 263.9877026755126, "bandwidth": 779.4108, "l2_bandwidth": 668.0797776762705}, "_Z7rhs4_v2ILb1ELb1EEviiiiiiiiiPdPKdS2_S2_S2_S2_S2_S2_S2_S2_dd": {"estimated_time": 3986.6536614830984, "type": "Compute", "krn_op_ratio": 4.50588708776742, "dev_op_ratio": 4.107497740268888, "deviation_angle": -0.02041908911169888, "throughput": 3201.4280997411665, "bandwidth": 710.4989622204253, "l2_bandwidth": 905.0323022125147}}}
