{"Tesla V100-SXM2-16GB": {"_Z6rhs4_XILb1ELb1EEviiiiiiiiiPdPKdS2_S2_S2_S2_S2_S2_S2_S2_dd": {"estimated_time": 191.77966338675319, "type": "Memory", "krn_op_ratio": 0.9264808200181018, "dev_op_ratio": 3.7869554356058295, "deviation_angle": 0.5653707873709586, "throughput": 722.1091571149648, "bandwidth": 779.4108, "l2_bandwidth": 623.021060074783}, "_Z6rhs4_XILb1ELb0EEviiiiiiiiiPdPKdS2_S2_S2_S2_S2_S2_S2_S2_dd": {"estimated_time": 178.60335241954562, "type": "Memory", "krn_op_ratio": 0.9902454717301883, "dev_op_ratio": 3.7941067807696816, "deviation_angle": 0.5325933380440276, "throughput": 771.8080153176035, "bandwidth": 779.4108, "l2_bandwidth": 616.870830672845}, "_Z9dpdmt_deviiiiiiPdS_S_S_di": {"estimated_time": 1708.7970395688642, "type": "Memory", "krn_op_ratio": 0.12496129956104675, "dev_op_ratio": 1.3089377385563892, "deviation_angle": 0.7940920888834397, "throughput": 97.3961864599151, "bandwidth": 779.4108, "l2_bandwidth": 779.3602976840422}, "_Z10addsgd4_SMILb1EEviiiiiiiiiPdPKdS2_S2_S2_S2_S2_S2_S2_S2_S2_S2_S2_d": {"estimated_time": 2353.3550830139898, "type": "Memory", "krn_op_ratio": 1.206255759163835, "dev_op_ratio": 2.626624849400974, "deviation_angle": 0.3284091634968689, "throughput": 940.168766254492, "bandwidth": 779.4108, "l2_bandwidth": 977.5144095287914}, "_Z7rhs4_v2ILb1ELb0EEviiiiiiiiiPdPKdS2_S2_S2_S2_S2_S2_S2_S2_dd": {"estimated_time": 2479.228509636691, "type": "Compute", "krn_op_ratio": 4.810667983194918, "dev_op_ratio": 4.121440163832683, "deviation_angle": -0.033081113057885116, "throughput": 3212.2949752449626, "bandwidth": 667.7440610049283, "l2_bandwidth": 950.1314361931048}, "_Z7rhs4_v2ILb1ELb1EEviiiiiiiiiPdPKdS2_S2_S2_S2_S2_S2_S2_S2_dd": {"estimated_time": 2498.0392926651216, "type": "Compute", "krn_op_ratio": 4.49260156458965, "dev_op_ratio": 4.122454523504486, "deviation_angle": -0.01895964870886177, "throughput": 3213.0855781282507, "bandwidth": 715.1948669237778, "l2_bandwidth": 957.8756675677205}, "_Z9addsgd4_XILb1EEviiiiiiiiiPdPKdS2_S2_S2_S2_S2_S2_S2_S2_S2_S2_S2_d": {"estimated_time": 162.4371532342123, "type": "Memory", "krn_op_ratio": 0.30791124415375243, "dev_op_ratio": 2.379979964228998, "deviation_angle": 0.8743235510290139, "throughput": 239.9893491348715, "bandwidth": 779.4108, "l2_bandwidth": 695.4157746727133}}}
