{"Tesla V100-SXM2-16GB": {"_Z6rhs4_XILb1ELb1EEviiiiiiiiiPdPKdS2_S2_S2_S2_S2_S2_S2_S2_dd": {"estimated_time": 95.08392158794824, "type": "Memory", "krn_op_ratio": 0.9225583093752792, "dev_op_ratio": 3.792445263313887, "deviation_angle": 0.5678430183656779, "throughput": 719.0519099568338, "bandwidth": 779.4108, "l2_bandwidth": 618.6912106437176}, "_Z7rhs4_v2ILb1ELb1EEviiiiiiiiiPdPKdS2_S2_S2_S2_S2_S2_S2_S2_dd": {"estimated_time": 1559.2341691816196, "type": "Compute", "krn_op_ratio": 4.4862529112101805, "dev_op_ratio": 4.1217551886030295, "deviation_angle": -0.018698415931174373, "throughput": 3212.5405089532383, "bandwidth": 716.0854665428672, "l2_bandwidth": 958.5030151054349}, "_Z10addsgd4_SMILb1EEviiiiiiiiiPdPKdS2_S2_S2_S2_S2_S2_S2_S2_S2_S2_S2_d": {"estimated_time": 1439.1901170884466, "type": "Memory", "krn_op_ratio": 1.2479252516857877, "dev_op_ratio": 2.6274758252564236, "deviation_angle": 0.31188597340126606, "throughput": 972.6464187566212, "bandwidth": 779.4108, "l2_bandwidth": 1014.0743197712693}, "_Z7rhs4_v2ILb1ELb0EEviiiiiiiiiPdPKdS2_S2_S2_S2_S2_S2_S2_S2_dd": {"estimated_time": 1547.502822633407, "type": "Compute", "krn_op_ratio": 4.800103647716308, "dev_op_ratio": 4.120748415580404, "deviation_angle": -0.03268107388012659, "throughput": 3211.755819186255, "bandwidth": 669.1013475749166, "l2_bandwidth": 951.4815182038647}, "_Z9dpdmt_deviiiiiiPdS_S_S_di": {"estimated_time": 1075.0256553796792, "type": "Memory", "krn_op_ratio": 0.12496791241224658, "dev_op_ratio": 1.3066476232728683, "deviation_angle": 0.7932406168166274, "throughput": 97.40134058755903, "bandwidth": 779.4108, "l2_bandwidth": 779.3925315615662}, "_Z6rhs4_XILb1ELb0EEviiiiiiiiiPdPKdS2_S2_S2_S2_S2_S2_S2_S2_dd": {"estimated_time": 89.19316928120575, "type": "Memory", "krn_op_ratio": 0.97895449169048, "dev_op_ratio": 3.7996717893341, "deviation_angle": 0.5386874487245416, "throughput": 763.0077035320703, "bandwidth": 779.4108, "l2_bandwidth": 611.3542872334052}}}
