{"Tesla V100-SXM2-16GB": {"_Z6rhs4_XILb1ELb1EEviiiiiiiiiPdPKdS2_S2_S2_S2_S2_S2_S2_S2_dd": {"estimated_time": 95.02549468393305, "type": "Memory", "krn_op_ratio": 0.9231255489983884, "dev_op_ratio": 3.792445263313887, "deviation_angle": 0.5675366734607684, "throughput": 719.494022645273, "bandwidth": 779.4108, "l2_bandwidth": 618.6501510519347}, "_Z6rhs4_XILb1ELb0EEviiiiiiiiiPdPKdS2_S2_S2_S2_S2_S2_S2_S2_dd": {"estimated_time": 88.84612887581235, "type": "Memory", "krn_op_ratio": 0.9827783697587392, "dev_op_ratio": 3.7996720109367437, "deviation_angle": 0.5367385907548412, "throughput": 765.9880753963547, "bandwidth": 779.4108, "l2_bandwidth": 613.230505024655}, "_Z7rhs4_v2ILb1ELb0EEviiiiiiiiiPdPKdS2_S2_S2_S2_S2_S2_S2_S2_dd": {"estimated_time": 1547.5028159322953, "type": "Compute", "krn_op_ratio": 4.791640921640525, "dev_op_ratio": 4.1207484334243745, "deviation_angle": -0.03232846479694093, "throughput": 3211.7558330940387, "bandwidth": 670.2830795581449, "l2_bandwidth": 951.6175410387292}, "_Z10addsgd4_SMILb1EEviiiiiiiiiPdPKdS2_S2_S2_S2_S2_S2_S2_S2_S2_S2_S2_d": {"estimated_time": 1438.629042758966, "type": "Memory", "krn_op_ratio": 1.2484119503433435, "dev_op_ratio": 2.6274758252564236, "deviation_angle": 0.31169570250190703, "throughput": 973.0257569466656, "bandwidth": 779.4108, "l2_bandwidth": 1024.9490630191924}, "_Z7rhs4_v2ILb1ELb1EEviiiiiiiiiPdPKdS2_S2_S2_S2_S2_S2_S2_S2_dd": {"estimated_time": 1559.2341691816196, "type": "Compute", "krn_op_ratio": 4.49517142904309, "dev_op_ratio": 4.1217551886030295, "deviation_angle": -0.019119767002702338, "throughput": 3212.5405089532383, "bandwidth": 714.6647374107172, "l2_bandwidth": 958.5455751578705}, "_Z9dpdmt_deviiiiiiPdS_S_S_di": {"estimated_time": 1075.0897379199776, "type": "Memory", "krn_op_ratio": 0.1249604634886817, "dev_op_ratio": 1.3066476232728683, "deviation_angle": 0.7932479512060135, "throughput": 97.3955348160842, "bandwidth": 779.4108, "l2_bandwidth": 779.3644695345112}}}
