{"Tesla P100-PCIE-16GB": {"_Z6rhs4_XILb1ELb1EEviiiiiiiiiPdPKdS2_S2_S2_S2_S2_S2_S2_S2_dd": {"estimated_time": 2.26218072082526, "type": "Memory", "krn_op_ratio": 0.9038334085229398, "dev_op_ratio": 2.947608944559737, "deviation_angle": 0.5087940829273015, "throughput": 495.3856682109722, "bandwidth": 548.094, "l2_bandwidth": 426.79611894481286}, "_Z14rhs4_KboundaryILb1ELb0ELb1EEviiiiiiiiPdPKdS2_S2_S2_S2_S2_S2_S2_dd": {"estimated_time": 3.4970838978896306, "type": "Compute", "krn_op_ratio": 8.397003885037012, "dev_op_ratio": 3.6301509737356956, "deviation_angle": -0.15027186295679304, "throughput": 1989.6639677986925, "bandwidth": 236.9492732216263, "l2_bandwidth": 537.022554458392}, "_Z7rhs4_v2ILb1ELb0EEviiiiiiiiiPdPKdS2_S2_S2_S2_S2_S2_S2_S2_dd": {"estimated_time": 30.83707735618844, "type": "Compute", "krn_op_ratio": 4.877131444205931, "dev_op_ratio": 3.196855869622392, "deviation_angle": -0.1009292460357658, "throughput": 1752.1775210048156, "bandwidth": 359.26395280701644, "l2_bandwidth": 525.8879966050212}, "_Z9dpdmt_deviiiiiiPdS_S_S_di": {"estimated_time": 17.798928096275453, "type": "Memory", "krn_op_ratio": 0.12484099079755341, "dev_op_ratio": 0.8283973132800654, "deviation_angle": 0.5676197060927776, "throughput": 68.42459801019425, "bandwidth": 548.094, "l2_bandwidth": 547.9346753493998}, "_Z10addsgd4_SMILb1EEviiiiiiiiiPdPKdS2_S2_S2_S2_S2_S2_S2_S2_S2_S2_S2_d": {"estimated_time": 20.61711516637657, "type": "Memory", "krn_op_ratio": 1.3849916052905475, "dev_op_ratio": 1.9299123873890638, "deviation_angle": 0.14728764642105033, "throughput": 759.1055889101175, "bandwidth": 548.094, "l2_bandwidth": 820.915970416754}, "_Z7rhs4_v2ILb1ELb1EEviiiiiiiiiPdPKdS2_S2_S2_S2_S2_S2_S2_S2_dd": {"estimated_time": 31.05408642886957, "type": "Compute", "krn_op_ratio": 4.638028188670157, "dev_op_ratio": 3.1993093591552832, "deviation_angle": -0.0905882731810416, "throughput": 1753.522263896856, "bandwidth": 378.074947491778, "l2_bandwidth": 530.296407260932}, "_Z6rhs4_XILb1ELb0EEviiiiiiiiiPdPKdS2_S2_S2_S2_S2_S2_S2_S2_dd": {"estimated_time": 2.1014017011680473, "type": "Memory", "krn_op_ratio": 0.9685013218105449, "dev_op_ratio": 2.9564248475046337, "deviation_angle": 0.4752323884076341, "throughput": 530.8297634764289, "bandwidth": 548.094, "l2_bandwidth": 431.4653783215403}}}
