{"Tesla V100-SXM2-16GB": {"_Z6rhs4_XILb1ELb1EEviiiiiiiiiPdPKdS2_S2_S2_S2_S2_S2_S2_S2_dd": {"estimated_time": 1.5908012565389138, "type": "Memory", "krn_op_ratio": 0.9038334085229398, "dev_op_ratio": 3.7595836528170112, "deviation_angle": 0.575899704978735, "throughput": 704.4575200035913, "bandwidth": 779.4108, "l2_bandwidth": 606.9205364475285}, "_Z14rhs4_KboundaryILb1ELb0ELb1EEviiiiiiiiPdPKdS2_S2_S2_S2_S2_S2_S2_dd": {"estimated_time": 1.9671183696273469, "type": "Compute", "krn_op_ratio": 8.397003885037012, "dev_op_ratio": 4.538254774639561, "deviation_angle": -0.09835134707096244, "throughput": 3537.16478450564, "bandwidth": 421.2412942679077, "l2_bandwidth": 954.7025522189459}, "_Z7rhs4_v2ILb1ELb0EEviiiiiiiiiPdPKdS2_S2_S2_S2_S2_S2_S2_S2_dd": {"estimated_time": 16.998847825797345, "type": "Compute", "krn_op_ratio": 4.877131444205931, "dev_op_ratio": 4.078170785340715, "deviation_angle": -0.03822786170698191, "throughput": 3178.570354339035, "bandwidth": 651.7294829351382, "l2_bandwidth": 953.9969413332481}, "_Z9dpdmt_deviiiiiiPdS_S_S_di": {"estimated_time": 12.516487705841387, "type": "Memory", "krn_op_ratio": 0.12484099079755341, "dev_op_ratio": 1.3019288663892894, "deviation_angle": 0.7916186547684511, "throughput": 97.30241651031375, "bandwidth": 779.4108, "l2_bandwidth": 779.1842342040159}, "_Z10addsgd4_SMILb1EEviiiiiiiiiPdPKdS2_S2_S2_S2_S2_S2_S2_S2_S2_S2_S2_d": {"estimated_time": 14.498281419759646, "type": "Memory", "krn_op_ratio": 1.3849916052905475, "dev_op_ratio": 2.594245982208316, "deviation_angle": 0.25743933201589114, "throughput": 1079.4774150727899, "bandwidth": 779.4108, "l2_bandwidth": 1167.3741607010816}, "_Z7rhs4_v2ILb1ELb1EEviiiiiiiiiPdPKdS2_S2_S2_S2_S2_S2_S2_S2_dd": {"estimated_time": 17.1270347054368, "type": "Compute", "krn_op_ratio": 4.638028188670157, "dev_op_ratio": 4.079260542634631, "deviation_angle": -0.028043617451007603, "throughput": 3179.4197229432916, "bandwidth": 685.5110822116227, "l2_bandwidth": 961.5132302366648}, "_Z6rhs4_XILb1ELb0EEviiiiiiiiiPdPKdS2_S2_S2_S2_S2_S2_S2_S2_dd": {"estimated_time": 1.477738907390044, "type": "Memory", "krn_op_ratio": 0.9685013218105449, "dev_op_ratio": 3.76692001534753, "deviation_angle": 0.5419143639294648, "throughput": 754.8603900334143, "bandwidth": 779.4108, "l2_bandwidth": 613.5604033065392}}}
