{"app": "miniFE.x", "invocation": "/g/g90/choi18/miniFE/cuda/src/miniFE.x --num_devices 4 -nx 800 -ny 800 -nz 200", "datetime": "2019-07-10 16:36:31.752435", "device": "Tesla V100-SXM2-16GB", "driver": "418.39", "platform": "Linux-4.14.0-49.18.1.bl6.ppc64le-ppc64le-with-redhat-7.5-Maipo", "version": "0.9.0", "data": {"_ZN6miniFE25matvec_overlap_ell_kernelILNS_12MATVEC_RANGEE0ENS_12PODELLMatrixIdiiEENS_9PODVectorIdiiEEEEvT0_T1_S7_": {"dominant_op": "fp_64", "compute_ops": 85499952096, "dram_bytes": 612031782240, "l2_bytes": 649517529696, "opmix_efficiency": 1.0, "mix_compute": 0.05094413902393291, "mix_ldst": 0.15702892946876776, "reference_time": 761.802893, "count": 201}, "_ZN6miniFE13waxpby_kernelINS_9PODVectorIdiiEEEEvNT_10ScalarTypeES3_S4_S3_S3_": {"dominant_op": "fp_64", "compute_ops": 14448000000, "dram_bytes": 115531775296, "l2_bytes": 115823682688, "opmix_efficiency": 0.75, "mix_compute": 0.09523809523809523, "mix_ldst": 0.14285714285714285, "reference_time": 136.122771, "count": 602}, "_ZN6miniFE10dot_kernelINS_9PODVectorIdiiEEEEvT_S3_PNS_10TypeTraitsINS3_10ScalarTypeEE14magnitude_typeE": {"dominant_op": "fp_64", "compute_ops": 6609305600, "dram_bytes": 39707033600, "l2_bytes": 51367129600, "opmix_efficiency": 0.9693037784585812, "mix_compute": 0.07198453675116104, "mix_ldst": 0.14839702842712468, "reference_time": 46.646452, "count": 400}}}
