{"app": "miniFE.x", "invocation": "/g/g90/choi18/miniFE/cuda/src/miniFE.x --num_devices 1 -nx 200 -ny 200 -nz 200", "datetime": "2019-07-10 16:11:38.700339", "device": "Tesla V100-SXM2-16GB", "driver": "418.39", "platform": "Linux-4.14.0-49.18.1.bl6.ppc64le-ppc64le-with-redhat-7.5-Maipo", "version": "0.9.0", "data": {"_ZN6miniFE25matvec_overlap_ell_kernelILNS_12MATVEC_RANGEE0ENS_12PODELLMatrixIdiiEENS_9PODVectorIdiiEEEEvT0_T1_S7_": {"dominant_op": "fp_64", "compute_ops": 87929867628, "dram_bytes": 573197565984, "l2_bytes": 645257596800, "opmix_efficiency": 1.0, "mix_compute": 0.05142102956207498, "mix_ldst": 0.1582046711147918, "reference_time": 718.410293, "count": 201}, "_ZN6miniFE13waxpby_kernelINS_9PODVectorIdiiEEEEvNT_10ScalarTypeES3_S4_S3_S3_": {"dominant_op": "fp_64", "compute_ops": 14665805406, "dram_bytes": 117263108032, "l2_bytes": 117534923072, "opmix_efficiency": 0.75, "mix_compute": 0.09523713746421131, "mix_ldst": 0.14285570619631696, "reference_time": 138.10634, "count": 602}, "_ZN6miniFE10dot_kernelINS_9PODVectorIdiiEEEEvT_S3_PNS_10TypeTraitsINS3_10ScalarTypeEE14magnitude_typeE": {"dominant_op": "fp_64", "compute_ops": 6705786400, "dram_bytes": 40280192000, "l2_bytes": 52144179200, "opmix_efficiency": 0.9697320585178042, "mix_compute": 0.07226695066026471, "mix_ldst": 0.14891720613009887, "reference_time": 46.861195, "count": 400}}}
