{"Tesla P100-PCIE-16GB": {"_Z6rhs4_XILb1ELb1EEviiiiiiiiiPdPKdS2_S2_S2_S2_S2_S2_S2_S2_dd": {"estimated_time": 135.21300249957122, "type": "Memory", "krn_op_ratio": 0.9225583093752792, "dev_op_ratio": 2.9855438986169953, "deviation_angle": 0.5024544809830866, "throughput": 505.6486740187343, "bandwidth": 548.094, "l2_bandwidth": 435.0734431785623}, "_Z7rhs4_v2ILb1ELb1EEviiiiiiiiiPdPKdS2_S2_S2_S2_S2_S2_S2_S2_dd": {"estimated_time": 2812.2481714430783, "type": "Compute", "krn_op_ratio": 4.4862529112101805, "dev_op_ratio": 3.2497598226308115, "deviation_angle": -0.07920194869322393, "throughput": 1781.1738602250123, "bandwidth": 397.0293016192293, "l2_bandwidth": 531.4362607084907}, "_Z10addsgd4_SMILb1EEviiiiiiiiiPdPKdS2_S2_S2_S2_S2_S2_S2_S2_S2_S2_S2_d": {"estimated_time": 2046.5838350939798, "type": "Memory", "krn_op_ratio": 1.2479252516857877, "dev_op_ratio": 1.963365861586129, "deviation_angle": 0.20446815905123647, "throughput": 683.9803428974702, "bandwidth": 548.094, "l2_bandwidth": 713.1130980231659}, "_Z7rhs4_v2ILb1ELb0EEviiiiiiiiiPdPKdS2_S2_S2_S2_S2_S2_S2_S2_dd": {"estimated_time": 2792.4810189476293, "type": "Compute", "krn_op_ratio": 4.800103647716308, "dev_op_ratio": 3.2473469518288294, "deviation_angle": -0.09333747782264551, "throughput": 1779.8513802156706, "bandwidth": 370.794364213875, "l2_bandwidth": 527.2803378477016}, "_Z9dpdmt_deviiiiiiPdS_S_S_di": {"estimated_time": 1528.7279300266011, "type": "Memory", "krn_op_ratio": 0.12496791241224658, "dev_op_ratio": 0.8321357742752596, "deviation_angle": 0.5697077031608575, "throughput": 68.49416298567789, "bandwidth": 548.094, "l2_bandwidth": 548.0811533452}, "_Z6rhs4_XILb1ELb0EEviiiiiiiiiPdPKdS2_S2_S2_S2_S2_S2_S2_S2_dd": {"estimated_time": 126.8361255988936, "type": "Memory", "krn_op_ratio": 0.97895449169048, "dev_op_ratio": 2.99429048545235, "deviation_angle": 0.4737099371566323, "throughput": 536.559083168602, "bandwidth": 548.094, "l2_bandwidth": 429.9140026118526}}}
