{"Tesla P100-PCIE-16GB": {"_Z6rhs4_XILb1ELb1EEviiiiiiiiiPdPKdS2_S2_S2_S2_S2_S2_S2_S2_dd": {"estimated_time": 135.1299171893872, "type": "Memory", "krn_op_ratio": 0.9231255489983884, "dev_op_ratio": 2.9855438986169953, "deviation_angle": 0.5021481360781773, "throughput": 505.9595746527227, "bandwidth": 548.094, "l2_bandwidth": 435.0445694243127}, "_Z6rhs4_XILb1ELb0EEviiiiiiiiiPdPKdS2_S2_S2_S2_S2_S2_S2_S2_dd": {"estimated_time": 126.34262076213204, "type": "Memory", "krn_op_ratio": 0.9827783697587392, "dev_op_ratio": 2.9942907545121153, "deviation_angle": 0.4717610918304857, "throughput": 538.6549277945464, "bandwidth": 548.094, "l2_bandwidth": 431.2333886327766}, "_Z7rhs4_v2ILb1ELb0EEviiiiiiiiiPdPKdS2_S2_S2_S2_S2_S2_S2_S2_dd": {"estimated_time": 2792.481000316622, "type": "Compute", "krn_op_ratio": 4.791640921640525, "dev_op_ratio": 3.2473469734946327, "deviation_angle": -0.09298486785526604, "throughput": 1779.8513920905673, "bandwidth": 371.4492427953461, "l2_bandwidth": 527.3557185459911}, "_Z10addsgd4_SMILb1EEviiiiiiiiiPdPKdS2_S2_S2_S2_S2_S2_S2_S2_S2_S2_S2_d": {"estimated_time": 2045.7859657649965, "type": "Memory", "krn_op_ratio": 1.2484119503433435, "dev_op_ratio": 1.963365861586129, "deviation_angle": 0.2042778881518775, "throughput": 684.2470995114846, "bandwidth": 548.094, "l2_bandwidth": 720.7603894460293}, "_Z7rhs4_v2ILb1ELb1EEviiiiiiiiiPdPKdS2_S2_S2_S2_S2_S2_S2_S2_dd": {"estimated_time": 2812.2481714430783, "type": "Compute", "krn_op_ratio": 4.49517142904309, "dev_op_ratio": 3.2497598226308115, "deviation_angle": -0.07962329976475188, "throughput": 1781.1738602250123, "bandwidth": 396.2415868540479, "l2_bandwidth": 531.4598578748695}, "_Z9dpdmt_deviiiiiiPdS_S_S_di": {"estimated_time": 1528.8190578696353, "type": "Memory", "krn_op_ratio": 0.1249604634886817, "dev_op_ratio": 0.8321357742752596, "deviation_angle": 0.5697150375502436, "throughput": 68.49008027536551, "bandwidth": 548.094, "l2_bandwidth": 548.0614196840081}}}
