{"Tesla V100-SXM2-16GB": {"_ZN6miniFE13waxpby_kernelINS_9PODVectorIdiiEEEEvNT_10ScalarTypeES3_S4_S3_S3_": {"estimated_time": 149.4011744461329, "type": "Memory", "krn_op_ratio": 0.12508605695015906, "dev_op_ratio": 1.4533023089270944, "deviation_angle": 0.8436700286561987, "throughput": 97.49342371636904, "bandwidth": 779.4108, "l2_bandwidth": 781.4007529779612}, "_ZN6miniFE10dot_kernelINS_9PODVectorIdiiEEEEvT_S3_PNS_10TypeTraitsINS3_10ScalarTypeEE14magnitude_typeE": {"estimated_time": 51.32275611269436, "type": "Memory", "krn_op_ratio": 0.16652903186375684, "dev_op_ratio": 1.4750390356707492, "deviation_angle": 0.8100093117455566, "throughput": 129.7945259481562, "bandwidth": 779.4108, "l2_bandwidth": 1008.8280038256476}, "_ZN6miniFE25matvec_overlap_ell_kernelILNS_12MATVEC_RANGEE1ENS_12PODELLMatrixIdiiEENS_9PODVectorIdiiEEEEvT0_T1_S7_": {"estimated_time": 11.193654037126507, "type": "Memory", "krn_op_ratio": 0.02797235486363308, "dev_op_ratio": 0.08919745002897835, "deviation_angle": 0.060996953159717135, "throughput": 21.80195548214815, "bandwidth": 779.4108, "l2_bandwidth": 755.9499955898419}, "_ZN6miniFE25matvec_overlap_ell_kernelILNS_12MATVEC_RANGEE0ENS_12PODELLMatrixIdiiEENS_9PODVectorIdiiEEEEvT0_T1_S7_": {"estimated_time": 725.1033209393557, "type": "Memory", "krn_op_ratio": 0.15398465010588921, "dev_op_ratio": 1.112475983462154, "deviation_angle": 0.6858069903015863, "throughput": 120.0172993267512, "bandwidth": 779.4108, "l2_bandwidth": 901.7816164252375}}}
