{"Tesla V100-SXM2-16GB": {"_ZN6miniFE13waxpby_kernelINS_9PODVectorIdiiEEEEvNT_10ScalarTypeES3_S4_S3_S3_": {"estimated_time": 148.27706122624937, "type": "Memory", "krn_op_ratio": 0.12504000528069706, "dev_op_ratio": 1.453307881569116, "deviation_angle": 0.8437171617744204, "throughput": 97.45753054783232, "bandwidth": 779.4108, "l2_bandwidth": 781.2423973472498}, "_ZN6miniFE10dot_kernelINS_9PODVectorIdiiEEEEvT_S3_PNS_10TypeTraitsINS3_10ScalarTypeEE14magnitude_typeE": {"estimated_time": 50.95074997677733, "type": "Memory", "krn_op_ratio": 0.16646306518749923, "dev_op_ratio": 1.4726572500937185, "deviation_angle": 0.8093226747681056, "throughput": 129.7431108082409, "bandwidth": 779.4108, "l2_bandwidth": 1008.3513201163204}, "_ZN6miniFE25matvec_overlap_ell_kernelILNS_12MATVEC_RANGEE0ENS_12PODELLMatrixIdiiEENS_9PODVectorIdiiEEEEvT0_T1_S7_": {"estimated_time": 718.2256738551737, "type": "Memory", "krn_op_ratio": 0.15382416183293432, "dev_op_ratio": 1.1093242468588356, "deviation_angle": 0.6845530228345403, "throughput": 119.8922130335368, "bandwidth": 779.4108, "l2_bandwidth": 902.1661649186011}, "_ZN6miniFE25matvec_overlap_ell_kernelILNS_12MATVEC_RANGEE1ENS_12PODELLMatrixIdiiEENS_9PODVectorIdiiEEEEvT0_T1_S7_": {"estimated_time": 22.393233288530258, "type": "Memory", "krn_op_ratio": 0.027687606456643817, "dev_op_ratio": 0.06831076637288058, "deviation_angle": 0.04052427407968435, "throughput": 21.580019498457922, "bandwidth": 779.4108, "l2_bandwidth": 627.2715866892988}}}
