{"Tesla V100-SXM2-16GB": {"_ZN6miniFE25matvec_overlap_ell_kernelILNS_12MATVEC_RANGEE1ENS_12PODELLMatrixIdiiEENS_9PODVectorIdiiEEEEvT0_T1_S7_": {"estimated_time": 24.615634271426572, "type": "Memory", "krn_op_ratio": 0.023809077308614243, "dev_op_ratio": 0.056439623879375955, "deviation_angle": 0.0325752300419843, "throughput": 18.557051992368873, "bandwidth": 779.4108, "l2_bandwidth": 596.9949393121343}, "_ZN6miniFE13waxpby_kernelINS_9PODVectorIdiiEEEEvNT_10ScalarTypeES3_S4_S3_S3_": {"estimated_time": 148.22498439077313, "type": "Memory", "krn_op_ratio": 0.12506042502869302, "dev_op_ratio": 1.4533090818952108, "deviation_angle": 0.8436974421207778, "throughput": 97.47344591995365, "bandwidth": 779.4108, "l2_bandwidth": 781.2267952797861}, "_ZN6miniFE10dot_kernelINS_9PODVectorIdiiEEEEvT_S3_PNS_10TypeTraitsINS3_10ScalarTypeEE14magnitude_typeE": {"estimated_time": 50.94229230593161, "type": "Memory", "krn_op_ratio": 0.16646039863298936, "dev_op_ratio": 1.472600562567768, "deviation_angle": 0.809307379227168, "throughput": 129.74103246685715, "bandwidth": 779.4108, "l2_bandwidth": 1008.2757582155231}, "_ZN6miniFE25matvec_overlap_ell_kernelILNS_12MATVEC_RANGEE0ENS_12PODELLMatrixIdiiEENS_9PODVectorIdiiEEEEvT0_T1_S7_": {"estimated_time": 722.4773534469883, "type": "Memory", "krn_op_ratio": 0.15306188567472653, "dev_op_ratio": 1.1093810861175375, "deviation_angle": 0.6853232450793436, "throughput": 119.29808676324714, "bandwidth": 779.4108, "l2_bandwidth": 877.5904654159136}}}
