{"Tesla V100-SXM2-16GB": {"_ZN6miniFE25matvec_overlap_ell_kernelILNS_12MATVEC_RANGEE0ENS_12PODELLMatrixIdiiEENS_9PODVectorIdiiEEEEvT0_T1_S7_": {"estimated_time": 10.979045155648345, "type": "Memory", "krn_op_ratio": 0.15336654217415777, "dev_op_ratio": 1.1139859184116416, "deviation_angle": 0.6870851316039617, "throughput": 119.53553932919404, "bandwidth": 779.4108, "l2_bandwidth": 877.3323996253466}, "_ZN6miniFE13waxpby_kernelINS_9PODVectorIdiiEEEEvNT_10ScalarTypeES3_S4_S3_S3_": {"estimated_time": 1.8257582265988617, "type": "Memory", "krn_op_ratio": 0.13695873259808353, "dev_op_ratio": 1.4533000267282827, "deviation_angle": 0.8319971221811148, "throughput": 106.74711534125836, "bandwidth": 779.4108, "l2_bandwidth": 862.9208977658085}, "_ZN6thrust8cuda_cub4core13_kernel_agentINS0_14__parallel_for16ParallelForAgentINS0_20__uninitialized_fill7functorINS_10device_ptrIdEEdEEmEES9_mEEvT0_T1_": {"estimated_time": 0.24891155216222305, "type": "Memory", "krn_op_ratio": 1.6325457688701746, "dev_op_ratio": 6.25818267723185, "deviation_angle": 0.3911380105470752, "throughput": 1272.4238037517177, "bandwidth": 779.4108, "l2_bandwidth": 802.5890894360803}, "_ZN6miniFE25matvec_overlap_ell_kernelILNS_12MATVEC_RANGEE1ENS_12PODELLMatrixIdiiEENS_9PODVectorIdiiEEEEvT0_T1_S7_": {"estimated_time": 0.13290125310041892, "type": "Memory", "krn_op_ratio": 2.587080760365781, "dev_op_ratio": 4.96161049069974, "deviation_angle": 0.16996286058372406, "throughput": 2016.3986851013015, "bandwidth": 779.4108, "l2_bandwidth": 755.8047020377069}, "_ZN6miniFE10dot_kernelINS_9PODVectorIdiiEEEEvT_S3_PNS_10TypeTraitsINS3_10ScalarTypeEE14magnitude_typeE": {"estimated_time": 0.6004589107566893, "type": "Memory", "krn_op_ratio": 0.1791059506821478, "dev_op_ratio": 1.477094265840462, "deviation_angle": 0.7984438074337267, "throughput": 139.59711230593336, "bandwidth": 779.4108, "l2_bandwidth": 1091.7396482198794}}}
