{"Tesla V100-SXM2-16GB": {"_ZN6miniFE25matvec_overlap_ell_kernelILNS_12MATVEC_RANGEE1ENS_12PODELLMatrixIdiiEENS_9PODVectorIdiiEEEEvT0_T1_S7_": {"estimated_time": 12.511939942325663, "type": "Memory", "krn_op_ratio": 0.03958814950269101, "dev_op_ratio": 0.13071979361475233, "deviation_angle": 0.09041528227502812, "throughput": 30.855431274412002, "bandwidth": 779.4108, "l2_bandwidth": 766.5498226662095}, "_ZN6miniFE25matvec_overlap_ell_kernelILNS_12MATVEC_RANGEE0ENS_12PODELLMatrixIdiiEENS_9PODVectorIdiiEEEEvT0_T1_S7_": {"estimated_time": 720.3553097493646, "type": "Memory", "krn_op_ratio": 0.1548002419116859, "dev_op_ratio": 1.1120244406930513, "deviation_angle": 0.6848085443246313, "throughput": 120.65298038858063, "bandwidth": 779.4108, "l2_bandwidth": 910.3917486332911}, "_ZN6miniFE10dot_kernelINS_9PODVectorIdiiEEEEvT_S3_PNS_10TypeTraitsINS3_10ScalarTypeEE14magnitude_typeE": {"estimated_time": 51.31856833392609, "type": "Memory", "krn_op_ratio": 0.16653272079447962, "dev_op_ratio": 1.4750219574673686, "deviation_angle": 0.8100003446069515, "throughput": 129.797401140602, "bandwidth": 779.4108, "l2_bandwidth": 1008.7945958105682}, "_ZN6miniFE13waxpby_kernelINS_9PODVectorIdiiEEEEvNT_10ScalarTypeES3_S4_S3_S3_": {"estimated_time": 149.4130134609374, "type": "Memory", "krn_op_ratio": 0.12506846894081355, "dev_op_ratio": 1.45330420654114, "deviation_angle": 0.8436879555067827, "throughput": 97.47971543193465, "bandwidth": 779.4108, "l2_bandwidth": 781.6668382405253}}}
