{"app": "miniFE.x", "invocation": "/g/g90/choi18/miniFE/cuda/src/miniFE.x --num_devices 4 -nx 400 -ny 400 -nz 200", "datetime": "2019-07-09 18:09:33.401742", "device": "Tesla V100-SXM2-16GB", "driver": "418.39", "platform": "Linux-4.14.0-49.18.1.bl6.ppc64le-ppc64le-with-redhat-7.5-Maipo", "version": "0.9.0", "data": {"_ZN6miniFE10dot_kernelINS_9PODVectorIdiiEEEEvT_S3_PNS_10TypeTraitsINS3_10ScalarTypeEE14magnitude_typeE": {"dominant_op": "fp_64", "compute_ops": 6625305600, "dram_bytes": 39792332800, "l2_bytes": 38667545600, "opmix_efficiency": 0.9693756390999974, "mix_compute": 0.07203177873384743, "mix_ldst": 0.14848404561002682, "reference_time": 46.37949, "count": 400}, "_ZN6miniFE13waxpby_kernelINS_9PODVectorIdiiEEEEvNT_10ScalarTypeES3_S4_S3_S3_": {"dominant_op": "fp_64", "compute_ops": 14484120000, "dram_bytes": 115810082304, "l2_bytes": 115993783808, "opmix_efficiency": 0.75, "mix_compute": 0.09523720857414177, "mix_ldst": 0.14285581286121266, "reference_time": 136.453091, "count": 602}, "_ZN6miniFE25matvec_overlap_ell_kernelILNS_12MATVEC_RANGEE0ENS_12PODELLMatrixIdiiEENS_9PODVectorIdiiEEEEvT0_T1_S7_": {"dominant_op": "fp_64", "compute_ops": 86268841416, "dram_bytes": 572242980000, "l2_bytes": 663130876992, "opmix_efficiency": 1.0, "mix_compute": 0.05123366772749799, "mix_ldst": 0.15773623232844616, "reference_time": 718.837806, "count": 201}}}
