{"app": "miniFE.x", "invocation": "/g/g90/choi18/miniFE/cuda/src/miniFE.x --num_devices 2 -nx 400 -ny 200 -nz 200", "datetime": "2019-07-09 18:04:23.283059", "device": "Tesla V100-SXM2-16GB", "driver": "418.39", "platform": "Linux-4.14.0-49.18.1.bl6.ppc64le-ppc64le-with-redhat-7.5-Maipo", "version": "0.9.0", "data": {"_ZN6miniFE13waxpby_kernelINS_9PODVectorIdiiEEEEvNT_10ScalarTypeES3_S4_S3_S3_": {"dominant_op": "fp_64", "compute_ops": 14556540600, "dram_bytes": 116374806464, "l2_bytes": 116578792960, "opmix_efficiency": 0.75, "mix_compute": 0.09523763835517612, "mix_ldst": 0.1428564575327642, "reference_time": 137.056258, "count": 602}, "_ZN6miniFE25matvec_overlap_ell_kernelILNS_12MATVEC_RANGEE0ENS_12PODELLMatrixIdiiEENS_9PODVectorIdiiEEEEvT0_T1_S7_": {"dominant_op": "fp_64", "compute_ops": 86845220172, "dram_bytes": 576211601184, "l2_bytes": 667171845312, "opmix_efficiency": 1.0, "mix_compute": 0.0512819811270018, "mix_ldst": 0.15787808963933517, "reference_time": 722.794973, "count": 201}, "_ZN6miniFE10dot_kernelINS_9PODVectorIdiiEEEEvT_S3_PNS_10TypeTraitsINS3_10ScalarTypeEE14magnitude_typeE": {"dominant_op": "fp_64", "compute_ops": 6657385600, "dram_bytes": 39975219200, "l2_bytes": 38829926400, "opmix_efficiency": 0.9695187108457709, "mix_compute": 0.0721258314580124, "mix_ldst": 0.1486572442153217, "reference_time": 46.586895, "count": 400}}}
