{"app": "miniFE.x", "invocation": "/g/g90/choi18/miniFE/cuda/src/miniFE.x --num_devices 4 -nx 800 -ny 400 -nz 200", "datetime": "2019-07-09 18:09:41.312359", "device": "Tesla V100-SXM2-16GB", "driver": "418.39", "platform": "Linux-4.14.0-49.18.1.bl6.ppc64le-ppc64le-with-redhat-7.5-Maipo", "version": "0.9.0", "data": {"_ZN6miniFE13waxpby_kernelINS_9PODVectorIdiiEEEEvNT_10ScalarTypeES3_S4_S3_S3_": {"dominant_op": "fp_64", "compute_ops": 14448000000, "dram_bytes": 115539500160, "l2_bytes": 115687293568, "opmix_efficiency": 0.75, "mix_compute": 0.09523809523809523, "mix_ldst": 0.14285714285714285, "reference_time": 136.144958, "count": 602}, "_ZN6miniFE10dot_kernelINS_9PODVectorIdiiEEEEvT_S3_PNS_10TypeTraitsINS3_10ScalarTypeEE14magnitude_typeE": {"dominant_op": "fp_64", "compute_ops": 6609305600, "dram_bytes": 39706291200, "l2_bytes": 38561792000, "opmix_efficiency": 0.9693037784585812, "mix_compute": 0.07198453675116104, "mix_ldst": 0.14839702842712468, "reference_time": 46.45473, "count": 400}, "_ZN6miniFE25matvec_overlap_ell_kernelILNS_12MATVEC_RANGEE0ENS_12PODELLMatrixIdiiEENS_9PODVectorIdiiEEEEvT0_T1_S7_": {"dominant_op": "fp_64", "compute_ops": 85981809396, "dram_bytes": 570682062240, "l2_bytes": 661703641920, "opmix_efficiency": 1.0, "mix_compute": 0.051122002152767236, "mix_ldst": 0.1573958194950924, "reference_time": 715.588224, "count": 201}}}
