{"app": "miniFE.x.l1off", "invocation": "/g/g90/choi18/miniFE/cuda/src/miniFE.x.l1off --num_devices 2 -nx 252 -ny 252 -nz 252", "datetime": "2019-07-15 17:30:56.878084", "device": "Tesla V100-SXM2-16GB", "driver": "418.39", "platform": "Linux-4.14.0-49.18.1.bl6.ppc64le-ppc64le-with-redhat-7.5-Maipo", "version": "0.9.0", "data": {"_ZN6miniFE13waxpby_kernelINS_9PODVectorIdiiEEEEvNT_10ScalarTypeES3_S4_S3_S3_": {"dominant_op": "fp_64", "compute_ops": 14565632004, "dram_bytes": 116444888896, "l2_bytes": 116742190208, "opmix_efficiency": 0.75, "mix_compute": 0.0952373788539264, "mix_ldst": 0.1428560682808896, "reference_time": 137.416832, "count": 602}, "_ZN6miniFE10dot_kernelINS_9PODVectorIdiiEEEEvT_S3_PNS_10TypeTraitsINS3_10ScalarTypeEE14magnitude_typeE": {"dominant_op": "fp_64", "compute_ops": 6661412800, "dram_bytes": 40001510400, "l2_bytes": 51775833600, "opmix_efficiency": 0.9695365771358058, "mix_compute": 0.07213767800415483, "mix_ldst": 0.14867907820719264, "reference_time": 47.003722, "count": 400}, "_ZN6miniFE25matvec_overlap_ell_kernelILNS_12MATVEC_RANGEE1ENS_12PODELLMatrixIdiiEENS_9PODVectorIdiiEEEEvT0_T1_S7_": {"dominant_op": "fp_64", "compute_ops": 244043547, "dram_bytes": 8724454848, "l2_bytes": 8461842720, "opmix_efficiency": 0.9499208234362628, "mix_compute": 0.003211216415881343, "mix_ldst": 0.049837417716467255, "reference_time": 12.181223, "count": 201}, "_ZN6miniFE25matvec_overlap_ell_kernelILNS_12MATVEC_RANGEE0ENS_12PODELLMatrixIdiiEENS_9PODVectorIdiiEEEEvT0_T1_S7_": {"dominant_op": "fp_64", "compute_ops": 87024942312, "dram_bytes": 565153359456, "l2_bytes": 653884844832, "opmix_efficiency": 1.0, "mix_compute": 0.051322088953435124, "mix_ldst": 0.15795716249625866, "reference_time": 707.492749, "count": 201}}}
