{"app": "miniFE.x.l1off", "invocation": "/g/g90/choi18/miniFE/cuda/src/miniFE.x.l1off --num_devices 4 -nx 318 -ny 318 -nz 318", "datetime": "2019-07-15 17:42:05.158127", "device": "Tesla V100-SXM2-16GB", "driver": "418.39", "platform": "Linux-4.14.0-49.18.1.bl6.ppc64le-ppc64le-with-redhat-7.5-Maipo", "version": "0.9.0", "data": {"_ZN6miniFE25matvec_overlap_ell_kernelILNS_12MATVEC_RANGEE1ENS_12PODELLMatrixIdiiEENS_9PODVectorIdiiEEEEvT0_T1_S7_": {"dominant_op": "fp_64", "compute_ops": 386061303, "dram_bytes": 9751941120, "l2_bytes": 9591025344, "opmix_efficiency": 0.9499843211037943, "mix_compute": 0.004741830291246047, "mix_ldst": 0.051579488095677674, "reference_time": 13.681272, "count": 201}, "_ZN6miniFE25matvec_overlap_ell_kernelILNS_12MATVEC_RANGEE0ENS_12PODELLMatrixIdiiEENS_9PODVectorIdiiEEEEvT0_T1_S7_": {"dominant_op": "fp_64", "compute_ops": 86913015060, "dram_bytes": 561452708256, "l2_bytes": 655805530080, "opmix_efficiency": 1.0, "mix_compute": 0.05128918063330601, "mix_ldst": 0.1578442545391543, "reference_time": 704.621215, "count": 201}, "_ZN6miniFE10dot_kernelINS_9PODVectorIdiiEEEEvT_S3_PNS_10TypeTraitsINS3_10ScalarTypeEE14magnitude_typeE": {"dominant_op": "fp_64", "compute_ops": 6661016800, "dram_bytes": 39998246400, "l2_bytes": 51769894400, "opmix_efficiency": 0.9695348212479811, "mix_compute": 0.07213662252720122, "mix_ldst": 0.148677156643942, "reference_time": 46.861532, "count": 400}, "_ZN6miniFE13waxpby_kernelINS_9PODVectorIdiiEEEEvNT_10ScalarTypeES3_S4_S3_S3_": {"dominant_op": "fp_64", "compute_ops": 14564738034, "dram_bytes": 116454116352, "l2_bytes": 116791197824, "opmix_efficiency": 0.75, "mix_compute": 0.09523757956620453, "mix_ldst": 0.1428563693493068, "reference_time": 137.166406, "count": 602}}}
