{"app": "miniFE.x.l1off", "invocation": "/g/g90/choi18/miniFE/cuda/src/miniFE.x.l1off --num_devices 4 -nx 504 -ny 504 -nz 504", "datetime": "2019-07-15 19:14:48.472168", "device": "Tesla V100-SXM2-16GB", "driver": "418.39", "platform": "Linux-4.14.0-49.18.1.bl6.ppc64le-ppc64le-with-redhat-7.5-Maipo", "version": "0.9.0", "data": {"_ZN6miniFE13waxpby_kernelINS_9PODVectorIdiiEEEEvNT_10ScalarTypeES3_S4_S3_S3_": {"dominant_op": "fp_64", "compute_ops": 14450716224, "dram_bytes": 115568742912, "l2_bytes": 115840326784, "opmix_efficiency": 0.75, "mix_compute": 0.09523796827800603, "mix_ldst": 0.14285695241700905, "reference_time": 136.072626, "count": 602}, "_ZN6miniFE10dot_kernelINS_9PODVectorIdiiEEEEvT_S3_PNS_10TypeTraitsINS3_10ScalarTypeEE14magnitude_typeE": {"dominant_op": "fp_64", "compute_ops": 6610508800, "dram_bytes": 39711564800, "l2_bytes": 51376256000, "opmix_efficiency": 0.9693091941035815, "mix_compute": 0.07198809489709501, "mix_ldst": 0.14840358233993534, "reference_time": 46.712186, "count": 400}, "_ZN6miniFE25matvec_overlap_ell_kernelILNS_12MATVEC_RANGEE0ENS_12PODELLMatrixIdiiEENS_9PODVectorIdiiEEEEvT0_T1_S7_": {"dominant_op": "fp_64", "compute_ops": 86109665496, "dram_bytes": 559792847040, "l2_bytes": 647958901728, "opmix_efficiency": 1.0, "mix_compute": 0.051103368202031166, "mix_ldst": 0.1572946658479356, "reference_time": 700.664185, "count": 201}, "_ZN6miniFE25matvec_overlap_ell_kernelILNS_12MATVEC_RANGEE1ENS_12PODELLMatrixIdiiEENS_9PODVectorIdiiEEEEvT0_T1_S7_": {"dominant_op": "fp_64", "compute_ops": 483246411, "dram_bytes": 17453527872, "l2_bytes": 14046638976, "opmix_efficiency": 0.9500594722969742, "mix_compute": 0.0023109401996081616, "mix_ldst": 0.021315982580369677, "reference_time": 40.611013, "count": 201}}}
