{"app": "miniFE.x.l1off", "invocation": "/g/g90/choi18/miniFE/cuda/src/miniFE.x.l1off --num_devices 1 -nx 200 -ny 200 -nz 200", "datetime": "2019-07-15 16:54:13.000305", "device": "Tesla V100-SXM2-16GB", "driver": "418.39", "platform": "Linux-4.14.0-49.18.1.bl6.ppc64le-ppc64le-with-redhat-7.5-Maipo", "version": "0.9.0", "data": {"_ZN6miniFE25matvec_overlap_ell_kernelILNS_12MATVEC_RANGEE0ENS_12PODELLMatrixIdiiEENS_9PODVectorIdiiEEEEvT0_T1_S7_": {"dominant_op": "fp_64", "compute_ops": 1312386084, "dram_bytes": 8557186368, "l2_bytes": 9632272032, "opmix_efficiency": 1.0, "mix_compute": 0.05142102956207498, "mix_ldst": 0.1582046711147918, "reference_time": 10.684395, "count": 3}, "_ZN6miniFE13waxpby_kernelINS_9PODVectorIdiiEEEEvNT_10ScalarTypeES3_S4_S3_S3_": {"dominant_op": "fp_64", "compute_ops": 194894424, "dram_bytes": 1423015680, "l2_bytes": 1575484928, "opmix_efficiency": 0.75, "mix_compute": 0.09523713746421131, "mix_ldst": 0.14285570619631696, "reference_time": 1.697715, "count": 8}, "_ZN6thrust8cuda_cub4core13_kernel_agentINS0_14__parallel_for16ParallelForAgentINS0_20__uninitialized_fill7functorINS_10device_ptrIdEEdEEmEES9_mEEvT0_T1_": {"dominant_op": "integer", "compute_ops": 316720984, "dram_bytes": 194004352, "l2_bytes": 199773696, "opmix_efficiency": 0.5, "mix_compute": 0.7428521855210058, "mix_ldst": 0.057141705059439996, "reference_time": 0.235263, "count": 4}, "_ZN6miniFE25matvec_overlap_ell_kernelILNS_12MATVEC_RANGEE1ENS_12PODELLMatrixIdiiEENS_9PODVectorIdiiEEEEvT0_T1_S7_": {"dominant_op": "integer", "compute_ops": 267981912, "dram_bytes": 103584672, "l2_bytes": 100447392, "opmix_efficiency": 0.5, "mix_compute": 0.4999990596397937, "mix_ldst": 0.0454541073321766, "reference_time": 0.162143, "count": 3}, "_ZN6miniFE10dot_kernelINS_9PODVectorIdiiEEEEvT_S3_PNS_10TypeTraitsINS3_10ScalarTypeEE14magnitude_typeE": {"dominant_op": "fp_64", "compute_ops": 83822330, "dram_bytes": 468004160, "l2_bytes": 655544800, "opmix_efficiency": 0.9697320585178042, "mix_compute": 0.07226695066026471, "mix_ldst": 0.14891720613009887, "reference_time": 0.564956, "count": 5}}}
