{"app": "sw4lite", "invocation": "/g/g90/choi18/sw4lite/optimize_cuda_lassen_l1bypass/sw4lite /g/g90/choi18/sw4lite/tests/loh1/LOH.1-h100.in", "datetime": "2019-07-01 11:39:07.200531", "device": "Tesla V100-SXM2-16GB", "driver": "418.39", "platform": "Linux-4.14.0-49.18.1.bl6.ppc64le-ppc64le-with-redhat-7.5-Maipo", "version": "0.9.0", "data": {"_Z6rhs4_XILb1ELb0EEviiiiiiiiiPdPKdS2_S2_S2_S2_S2_S2_S2_S2_dd": {"dominant_op": "fp_64", "compute_ops": 33702715200, "dram_bytes": 34135327232, "l2_bytes": 27097707264, "opmix_efficiency": 0.7326012703445981, "mix_compute": 0.45154098899929695, "mix_ldst": 0.23982450962830876, "reference_time": 78.861688, "count": 536}, "_Z9addsgd4_XILb1EEviiiiiiiiiPdPKdS2_S2_S2_S2_S2_S2_S2_S2_S2_S2_S2_d": {"dominant_op": "fp_64", "compute_ops": 9533902752, "dram_bytes": 31637121280, "l2_bytes": 27827559168, "opmix_efficiency": 0.6057259217304528, "mix_compute": 0.2549319926325352, "mix_ldst": 0.181939085067549, "reference_time": 65.726643, "count": 536}, "_Z7rhs4_v2ILb1ELb1EEviiiiiiiiiPdPKdS2_S2_S2_S2_S2_S2_S2_S2_dd": {"dominant_op": "fp_64", "compute_ops": 1227118276720, "dram_bytes": 271795600384, "l2_bytes": 373016996352, "opmix_efficiency": 0.7328833357492812, "mix_compute": 0.49344967507488824, "mix_ldst": 0.19700167218892733, "reference_time": 926.288926, "count": 536}, "_Z7rhs4_v2ILb1ELb0EEviiiiiiiiiPdPKdS2_S2_S2_S2_S2_S2_S2_S2_dd": {"dominant_op": "fp_64", "compute_ops": 1217590220120, "dram_bytes": 249154411520, "l2_bytes": 366638922240, "opmix_efficiency": 0.735564307472654, "mix_compute": 0.49025036609826766, "mix_ldst": 0.19797759573442902, "reference_time": 867.832703, "count": 536}, "_Z10addsgd4_SMILb1EEviiiiiiiiiPdPKdS2_S2_S2_S2_S2_S2_S2_S2_S2_S2_S2_d": {"dominant_op": "fp_64", "compute_ops": 343587313888, "dram_bytes": 249926011392, "l2_bytes": 356954594304, "opmix_efficiency": 0.6133612206451637, "mix_compute": 0.3021778636573465, "mix_ldst": 0.20588328111128848, "reference_time": 527.708726, "count": 1072}, "_Z6rhs4_XILb1ELb1EEviiiiiiiiiPdPKdS2_S2_S2_S2_S2_S2_S2_S2_dd": {"dominant_op": "fp_64", "compute_ops": 33858723360, "dram_bytes": 36895478528, "l2_bytes": 29336094720, "opmix_efficiency": 0.73103431515505, "mix_compute": 0.45010246051928, "mix_ldst": 0.23745000320032858, "reference_time": 93.871887, "count": 536}, "_Z9dpdmt_deviiiiiiPdS_S_S_di": {"dominant_op": "fp_64", "compute_ops": 27042540000, "dram_bytes": 216612179200, "l2_bytes": 216543228160, "opmix_efficiency": 0.6666666666666666, "mix_compute": 0.09169284527714727, "mix_ldst": 0.12225712703619636, "reference_time": 261.548779, "count": 536}}}
