{"app": "sw4lite", "invocation": "/g/g90/choi18/sw4lite/optimize_cuda_lassen_l1bypass/sw4lite /g/g90/choi18/sw4lite/tests/loh1/LOH.1-h100.in", "datetime": "2019-07-01 11:13:29.069370", "device": "Tesla V100-SXM2-16GB", "driver": "418.39", "platform": "Linux-4.14.0-49.18.1.bl6.ppc64le-ppc64le-with-redhat-7.5-Maipo", "version": "0.9.0", "data": {"_Z6rhs4_XILb1ELb0EEviiiiiiiiiPdPKdS2_S2_S2_S2_S2_S2_S2_S2_dd": {"dominant_op": "fp_64", "compute_ops": 33702715200, "dram_bytes": 34104642304, "l2_bytes": 27118015232, "opmix_efficiency": 0.7326012703445981, "mix_compute": 0.45154098899929695, "mix_ldst": 0.23982450962830876, "reference_time": 79.009873, "count": 536}, "_Z6rhs4_XILb1ELb1EEviiiiiiiiiPdPKdS2_S2_S2_S2_S2_S2_S2_S2_dd": {"dominant_op": "fp_64", "compute_ops": 33858723360, "dram_bytes": 36911824384, "l2_bytes": 29371307776, "opmix_efficiency": 0.73103431515505, "mix_compute": 0.45010246051928, "mix_ldst": 0.23745000320032858, "reference_time": 93.291698, "count": 536}, "_Z9addsgd4_XILb1EEviiiiiiiiiPdPKdS2_S2_S2_S2_S2_S2_S2_S2_S2_S2_S2_d": {"dominant_op": "fp_64", "compute_ops": 9533902752, "dram_bytes": 31638956544, "l2_bytes": 27857009152, "opmix_efficiency": 0.6057259217304528, "mix_compute": 0.2549319926325352, "mix_ldst": 0.181939085067549, "reference_time": 66.293229, "count": 536}, "_Z9dpdmt_deviiiiiiPdS_S_S_di": {"dominant_op": "fp_64", "compute_ops": 27042540000, "dram_bytes": 216638764800, "l2_bytes": 216525167104, "opmix_efficiency": 0.6666666666666666, "mix_compute": 0.09169284527714727, "mix_ldst": 0.12225712703619636, "reference_time": 261.516731, "count": 536}, "_Z10addsgd4_SMILb1EEviiiiiiiiiPdPKdS2_S2_S2_S2_S2_S2_S2_S2_S2_S2_S2_d": {"dominant_op": "fp_64", "compute_ops": 343587313888, "dram_bytes": 249709553152, "l2_bytes": 356940872704, "opmix_efficiency": 0.6133612206451637, "mix_compute": 0.3021778524738082, "mix_ldst": 0.2058832734915921, "reference_time": 521.169604, "count": 1072}, "_Z7rhs4_v2ILb1ELb1EEviiiiiiiiiPdPKdS2_S2_S2_S2_S2_S2_S2_S2_dd": {"dominant_op": "fp_64", "compute_ops": 1227118276720, "dram_bytes": 271711950080, "l2_bytes": 373035949312, "opmix_efficiency": 0.7328833357492812, "mix_compute": 0.49344967507488824, "mix_ldst": 0.19700167218892733, "reference_time": 924.850414, "count": 536}, "_Z7rhs4_v2ILb1ELb0EEviiiiiiiiiPdPKdS2_S2_S2_S2_S2_S2_S2_S2_dd": {"dominant_op": "fp_64", "compute_ops": 1217590220120, "dram_bytes": 249889563392, "l2_bytes": 366646897920, "opmix_efficiency": 0.735564307472654, "mix_compute": 0.49025036609826766, "mix_ldst": 0.19797759573442902, "reference_time": 864.759303, "count": 536}}}
