{"app": "jacobi2d-b", "invocation": "/g/g90/choi18/jacobi2d/jacobi2d-b -s 16384 -i 100", "datetime": "2019-10-09 15:35:11.284613", "device": "Tesla V100-SXM2-16GB", "driver": "418.87.00", "platform": "Linux-4.14.0-49.18.1.bl6.ppc64le-ppc64le-with-redhat-7.5-Maipo", "version": "0.9.0", "data": {"_Z13stencilKernelPdS_i": {"dominant_op": "fp_64", "compute_ops": 161061273600, "dram_bytes": 459998163200, "l2_bytes": 585235462400, "opmix_efficiency": 0.6, "mix_compute": 0.13869366092072657, "mix_ldst": 0.16643239310487187, "reference_time": 586.42146, "count": 100}, "_Z10packKernelPdS_S_i": {"dominant_op": "integer", "compute_ops": 242083660800, "dram_bytes": 415712000, "l2_bytes": 307228800, "opmix_efficiency": 0.5, "mix_compute": 0.4732613596163474, "mix_ldst": 1.2811957800588971e-05, "reference_time": 150.589874, "count": 100}, "_ZN3cub18DeviceReduceKernelINS_18DeviceReducePolicyIdiNS_3SumEE9Policy600EPdS5_iS2_EEvT0_T1_T2_NS_13GridEvenShareIS8_EET3_": {"dominant_op": "fp_64", "compute_ops": 27179699600, "dram_bytes": 218625561600, "l2_bytes": 221849171200, "opmix_efficiency": 0.5, "mix_compute": 0.46175842951198354, "mix_ldst": 0.22815552685078494, "reference_time": 245.170386, "count": 100}, "_Z12unpackKernelPdS_S_i": {"dominant_op": "integer", "compute_ops": 242083660800, "dram_bytes": 437344000, "l2_bytes": 322572800, "opmix_efficiency": 0.5, "mix_compute": 0.4732613596163474, "mix_ldst": 1.2811957800588971e-05, "reference_time": 150.581586, "count": 100}}}
