{"Tesla V100-SXM2-16GB": {"_ZN6miniFE25matvec_overlap_ell_kernelILNS_12MATVEC_RANGEE0ENS_12PODELLMatrixIdiiEENS_9PODVectorIdiiEEEEvT0_T1_S7_": {"estimated_time": 785.2492963146007, "type": "Memory", "krn_op_ratio": 0.1396985492862401, "dev_op_ratio": 1.1066635063874948, "deviation_angle": 0.6971861782364499, "throughput": 108.88255805802783, "bandwidth": 779.4108, "l2_bandwidth": 827.1481843337796}, "_ZN6miniFE13waxpby_kernelINS_9PODVectorIdiiEEEEvNT_10ScalarTypeES3_S4_S3_S3_": {"estimated_time": 148.22963101871312, "type": "Memory", "krn_op_ratio": 0.12505650469737242, "dev_op_ratio": 1.4533090818952108, "deviation_angle": 0.8437013020837458, "throughput": 97.47039037138279, "bandwidth": 779.4108, "l2_bandwidth": 781.3800917670634}, "_ZN6miniFE10dot_kernelINS_9PODVectorIdiiEEEEvT_S3_PNS_10TypeTraitsINS3_10ScalarTypeEE14magnitude_typeE": {"estimated_time": 50.94493635448726, "type": "Memory", "krn_op_ratio": 0.16645175931752304, "dev_op_ratio": 1.472600562567768, "deviation_angle": 0.8093157856214048, "throughput": 129.73429889107808, "bandwidth": 779.4108, "l2_bandwidth": 1008.2872465003197}}}
