{"Tesla V100-SXM2-16GB": {"_ZN6miniFE25matvec_overlap_ell_kernelILNS_12MATVEC_RANGEE0ENS_12PODELLMatrixIdiiEENS_9PODVectorIdiiEEEEvT0_T1_S7_": {"estimated_time": 735.4242024667864, "type": "Memory", "krn_op_ratio": 0.15340237441003796, "dev_op_ratio": 1.1139859184116416, "deviation_angle": 0.687050123008041, "throughput": 119.5634673608272, "bandwidth": 779.4108, "l2_bandwidth": 877.3951069813227}, "_ZN6miniFE13waxpby_kernelINS_9PODVectorIdiiEEEEvNT_10ScalarTypeES3_S4_S3_S3_": {"estimated_time": 150.45096633508288, "type": "Memory", "krn_op_ratio": 0.1250675140044714, "dev_op_ratio": 1.4533000267282827, "deviation_angle": 0.8436875526460973, "throughput": 97.47897114423624, "bandwidth": 779.4108, "l2_bandwidth": 781.2174686218193}, "_ZN6miniFE10dot_kernelINS_9PODVectorIdiiEEEEvT_S3_PNS_10TypeTraitsINS3_10ScalarTypeEE14magnitude_typeE": {"estimated_time": 51.6803103061954, "type": "Memory", "krn_op_ratio": 0.1664785113238785, "dev_op_ratio": 1.477094265840462, "deviation_angle": 0.8107050179007709, "throughput": 129.7551496937532, "bandwidth": 779.4108, "l2_bandwidth": 1008.9757373950789}}}
