{"Tesla V100-SXM2-16GB": {"_ZN6miniFE25matvec_overlap_ell_kernelILNS_12MATVEC_RANGEE0ENS_12PODELLMatrixIdiiEENS_9PODVectorIdiiEEEEvT0_T1_S7_": {"estimated_time": 733.884447236297, "type": "Memory", "krn_op_ratio": 0.15031851500789037, "dev_op_ratio": 1.1095185616596666, "deviation_angle": 0.6880665332811337, "throughput": 117.15987403711183, "bandwidth": 779.4108, "l2_bandwidth": 885.6952223034547}, "_ZN6miniFE13waxpby_kernelINS_9PODVectorIdiiEEEEvNT_10ScalarTypeES3_S4_S3_S3_": {"estimated_time": 148.23566174859263, "type": "Memory", "krn_op_ratio": 0.12505141697427927, "dev_op_ratio": 1.4533090818952108, "deviation_angle": 0.8437063114676235, "throughput": 97.46642494505659, "bandwidth": 779.4108, "l2_bandwidth": 781.355969931437}, "_ZN6miniFE10dot_kernelINS_9PODVectorIdiiEEEEvT_S3_PNS_10TypeTraitsINS3_10ScalarTypeEE14magnitude_typeE": {"estimated_time": 50.94431229333748, "type": "Memory", "krn_op_ratio": 0.1664537983297626, "dev_op_ratio": 1.472600562567768, "deviation_angle": 0.8093138015800613, "throughput": 129.73588811923892, "bandwidth": 779.4108, "l2_bandwidth": 1008.5073855579201}}}
