{"Tesla V100-SXM2-16GB": {"_ZN6miniFE13waxpby_kernelINS_9PODVectorIdiiEEEEvNT_10ScalarTypeES3_S4_S3_S3_": {"estimated_time": 148.587668531152, "type": "Memory", "krn_op_ratio": 0.12506705590279077, "dev_op_ratio": 1.4533006990316126, "deviation_angle": 0.8436882197226733, "throughput": 97.47861409483887, "bandwidth": 779.4108, "l2_bandwidth": 781.4318728048206}, "_ZN6miniFE10dot_kernelINS_9PODVectorIdiiEEEEvT_S3_PNS_10TypeTraitsINS3_10ScalarTypeEE14magnitude_typeE": {"estimated_time": 51.045886456795316, "type": "Memory", "krn_op_ratio": 0.16652473297752857, "dev_op_ratio": 1.4733530578541774, "deviation_angle": 0.8094821857504522, "throughput": 129.79117534980193, "bandwidth": 779.4108, "l2_bandwidth": 1008.8609518729295}, "_ZN6miniFE25matvec_overlap_ell_kernelILNS_12MATVEC_RANGEE0ENS_12PODELLMatrixIdiiEENS_9PODVectorIdiiEEEEvT0_T1_S7_": {"estimated_time": 735.8649872442106, "type": "Memory", "krn_op_ratio": 0.15041439689043226, "dev_op_ratio": 1.1111246890394242, "deviation_angle": 0.6886921001941195, "throughput": 117.23460541188932, "bandwidth": 779.4108, "l2_bandwidth": 884.3119742888944}}}
