{"Tesla V100-SXM2-16GB": {"_ZN6miniFE10dot_kernelINS_9PODVectorIdiiEEEEvT_S3_PNS_10TypeTraitsINS3_10ScalarTypeEE14magnitude_typeE": {"estimated_time": 51.29823707857269, "type": "Memory", "krn_op_ratio": 0.1665079034775301, "dev_op_ratio": 1.4748507225446097, "deviation_angle": 0.8099705674977079, "throughput": 129.77805825574453, "bandwidth": 779.4108, "l2_bandwidth": 1008.4196523316339}, "_ZN6miniFE13waxpby_kernelINS_9PODVectorIdiiEEEEvNT_10ScalarTypeES3_S4_S3_S3_": {"estimated_time": 149.31916640621353, "type": "Memory", "krn_op_ratio": 0.1250766382332752, "dev_op_ratio": 1.4533047623549822, "deviation_angle": 0.8436800906374655, "throughput": 97.4860826667076, "bandwidth": 779.4108, "l2_bandwidth": 781.5410500921727}, "_ZN6miniFE25matvec_overlap_ell_kernelILNS_12MATVEC_RANGEE0ENS_12PODELLMatrixIdiiEENS_9PODVectorIdiiEEEEvT0_T1_S7_": {"estimated_time": 741.4735986722278, "type": "Memory", "krn_op_ratio": 0.1502739870751768, "dev_op_ratio": 1.1118279230179484, "deviation_angle": 0.6891439990787153, "throughput": 117.12516848545322, "bandwidth": 779.4108, "l2_bandwidth": 882.9921892032467}}}
