{"Tesla V100-SXM2-16GB": {"_ZN6miniFE13waxpby_kernelINS_9PODVectorIdiiEEEEvNT_10ScalarTypeES3_S4_S3_S3_": {"estimated_time": 149.31125725227315, "type": "Memory", "krn_op_ratio": 0.12508326365726757, "dev_op_ratio": 1.4533047623549822, "deviation_angle": 0.8436735672714955, "throughput": 97.49124659372184, "bandwidth": 779.4108, "l2_bandwidth": 780.776982964057}, "_ZN6miniFE25matvec_overlap_ell_kernelILNS_12MATVEC_RANGEE0ENS_12PODELLMatrixIdiiEENS_9PODVectorIdiiEEEEvT0_T1_S7_": {"estimated_time": 739.2912712833848, "type": "Memory", "krn_op_ratio": 0.15071758359871681, "dev_op_ratio": 1.1118279230179484, "deviation_angle": 0.6887102270561313, "throughput": 117.47091240674276, "bandwidth": 779.4108, "l2_bandwidth": 902.4478865465461}, "_ZN6miniFE10dot_kernelINS_9PODVectorIdiiEEEEvT_S3_PNS_10TypeTraitsINS3_10ScalarTypeEE14magnitude_typeE": {"estimated_time": 51.28902396528249, "type": "Memory", "krn_op_ratio": 0.16653781350622338, "dev_op_ratio": 1.4748507225446097, "deviation_angle": 0.8099414644913775, "throughput": 129.80137045513638, "bandwidth": 779.4108, "l2_bandwidth": 757.080626573903}}}
