{"Tesla V100-SXM2-16GB": {"_ZN6miniFE13waxpby_kernelINS_9PODVectorIdiiEEEEvNT_10ScalarTypeES3_S4_S3_S3_": {"estimated_time": 148.23954217724463, "type": "Memory", "krn_op_ratio": 0.12504814353526109, "dev_op_ratio": 1.4533090818952108, "deviation_angle": 0.8437095345065397, "throughput": 97.46387359133267, "bandwidth": 779.4108, "l2_bandwidth": 780.4077904509237}, "_ZN6miniFE10dot_kernelINS_9PODVectorIdiiEEEEvT_S3_PNS_10TypeTraitsINS3_10ScalarTypeEE14magnitude_typeE": {"estimated_time": 50.94398384010075, "type": "Memory", "krn_op_ratio": 0.1664548715141645, "dev_op_ratio": 1.472600562567768, "deviation_angle": 0.8093127573287774, "throughput": 129.73672457075216, "bandwidth": 779.4108, "l2_bandwidth": 756.9449637279041}, "_ZN6miniFE25matvec_overlap_ell_kernelILNS_12MATVEC_RANGEE0ENS_12PODELLMatrixIdiiEENS_9PODVectorIdiiEEEEvT0_T1_S7_": {"estimated_time": 732.196759706178, "type": "Memory", "krn_op_ratio": 0.15066499384703003, "dev_op_ratio": 1.1095185616596666, "deviation_angle": 0.6877277276367649, "throughput": 117.42992338630874, "bandwidth": 779.4108, "l2_bandwidth": 903.7238053136617}}}
