{"Tesla V100-SXM2-16GB": {"_ZN6miniFE10dot_kernelINS_9PODVectorIdiiEEEEvT_S3_PNS_10TypeTraitsINS3_10ScalarTypeEE14magnitude_typeE": {"estimated_time": 51.054376972964704, "type": "Memory", "krn_op_ratio": 0.1664970393492487, "dev_op_ratio": 1.4733530578541774, "deviation_angle": 0.8095091322630839, "throughput": 129.7695906368294, "bandwidth": 779.4108, "l2_bandwidth": 757.3796389773981}, "_ZN6miniFE13waxpby_kernelINS_9PODVectorIdiiEEEEvNT_10ScalarTypeES3_S4_S3_S3_": {"estimated_time": 148.5867046030155, "type": "Memory", "krn_op_ratio": 0.12506786725165575, "dev_op_ratio": 1.4533006990316126, "deviation_angle": 0.8436874208693678, "throughput": 97.47924646890681, "bandwidth": 779.4108, "l2_bandwidth": 780.6471253124888}, "_ZN6miniFE25matvec_overlap_ell_kernelILNS_12MATVEC_RANGEE0ENS_12PODELLMatrixIdiiEENS_9PODVectorIdiiEEEEvT0_T1_S7_": {"estimated_time": 734.199449122337, "type": "Memory", "krn_op_ratio": 0.15075561331656703, "dev_op_ratio": 1.1111246890394242, "deviation_angle": 0.6883584495801287, "throughput": 117.50055317955616, "bandwidth": 779.4108, "l2_bandwidth": 903.2026349035095}}}
