{"Tesla V100-SXM2-16GB": {"_ZN6miniFE25matvec_overlap_ell_kernelILNS_12MATVEC_RANGEE0ENS_12PODELLMatrixIdiiEENS_9PODVectorIdiiEEEEvT0_T1_S7_": {"estimated_time": 734.9828977889453, "type": "Memory", "krn_op_ratio": 0.1534944815673919, "dev_op_ratio": 1.1139859184116416, "deviation_angle": 0.6869601347520208, "throughput": 119.63525667402617, "bandwidth": 779.4108, "l2_bandwidth": 889.7942505919306}, "_ZN6miniFE10dot_kernelINS_9PODVectorIdiiEEEEvT_S3_PNS_10TypeTraitsINS3_10ScalarTypeEE14magnitude_typeE": {"estimated_time": 51.74424372872432, "type": "Memory", "krn_op_ratio": 0.16627281615395284, "dev_op_ratio": 1.477094265840462, "deviation_angle": 0.8109051726151427, "throughput": 129.5948286568053, "bandwidth": 779.4108, "l2_bandwidth": 756.4681746091685}, "_ZN6miniFE13waxpby_kernelINS_9PODVectorIdiiEEEEvNT_10ScalarTypeES3_S4_S3_S3_": {"estimated_time": 150.4593698111445, "type": "Memory", "krn_op_ratio": 0.12506052871760392, "dev_op_ratio": 1.4533000267282827, "deviation_angle": 0.8436944303585987, "throughput": 97.47352673621064, "bandwidth": 779.4108, "l2_bandwidth": 780.4716944075757}}}
