{"Tesla V100-SXM2-16GB": {"_ZN6miniFE25matvec_overlap_ell_kernelILNS_12MATVEC_RANGEE0ENS_12PODELLMatrixIdiiEENS_9PODVectorIdiiEEEEvT0_T1_S7_": {"estimated_time": 784.7976761522934, "type": "Memory", "krn_op_ratio": 0.13977894030091798, "dev_op_ratio": 1.1066635063874948, "deviation_angle": 0.6971073269444298, "throughput": 108.94521568309072, "bandwidth": 779.4108, "l2_bandwidth": 843.467005577047}, "_ZN6miniFE13waxpby_kernelINS_9PODVectorIdiiEEEEvNT_10ScalarTypeES3_S4_S3_S3_": {"estimated_time": 148.22535513236406, "type": "Memory", "krn_op_ratio": 0.12506011222727725, "dev_op_ratio": 1.4533090818952108, "deviation_angle": 0.843697750105294, "throughput": 97.47320211915195, "bandwidth": 779.4108, "l2_bandwidth": 780.5757997117282}, "_ZN6miniFE10dot_kernelINS_9PODVectorIdiiEEEEvT_S3_PNS_10TypeTraitsINS3_10ScalarTypeEE14magnitude_typeE": {"estimated_time": 50.94442725197033, "type": "Memory", "krn_op_ratio": 0.16645342271849123, "dev_op_ratio": 1.472600562567768, "deviation_angle": 0.8093141670649153, "throughput": 129.73559536375743, "bandwidth": 779.4108, "l2_bandwidth": 757.2969151107274}}}
