{"app": "sw4lite", "invocation": "/g/g90/choi18/sw4lite/optimize_cuda_lassen_l1bypass/sw4lite /g/g90/choi18/sw4lite/tests/loh1/LOH.1-h39.in", "datetime": "2019-07-01 20:36:04.687232", "device": "Tesla V100-SXM2-16GB", "driver": "418.39", "platform": "Linux-4.14.0-49.18.1.bl6.ppc64le-ppc64le-with-redhat-7.5-Maipo", "version": "0.9.0", "data": {"_Z10addsgd4_SMILb1EEviiiiiiiiiPdPKdS2_S2_S2_S2_S2_S2_S2_S2_S2_S2_S2_d": {"dominant_op": "fp_64", "compute_ops": 3488537500032, "dram_bytes": 3057863783936, "l2_bytes": 3477384408576, "opmix_efficiency": 0.6135217732834622, "mix_compute": 0.31716079043586387, "mix_ldst": 0.21438635674558978, "reference_time": 4570.359486, "count": 2704}, "_Z6rhs4_XILb1ELb1EEviiiiiiiiiPdPKdS2_S2_S2_S2_S2_S2_S2_S2_dd": {"dominant_op": "fp_64", "compute_ops": 278206134336, "dram_bytes": 267162165504, "l2_bytes": 203631966720, "opmix_efficiency": 0.7309605474812364, "mix_compute": 0.4719285837592845, "mix_ldst": 0.24681680611356907, "reference_time": 778.056222, "count": 1352}, "_Z7rhs4_v2ILb1ELb0EEviiiiiiiiiPdPKdS2_S2_S2_S2_S2_S2_S2_S2_dd": {"dominant_op": "fp_64", "compute_ops": 12663698734752, "dram_bytes": 2630471317760, "l2_bytes": 3565303000064, "opmix_efficiency": 0.7355652476703529, "mix_compute": 0.5182699433881707, "mix_ldst": 0.20881030556018754, "reference_time": 6223.738093, "count": 1352}, "_Z9dpdmt_deviiiiiiPdS_S_S_di": {"dominant_op": "fp_64", "compute_ops": 265613811840, "dram_bytes": 2125669042432, "l2_bytes": 2125435676416, "opmix_efficiency": 0.6666666666666666, "mix_compute": 0.09358086464102562, "mix_ldst": 0.12477448618803416, "reference_time": 2559.917926, "count": 1352}, "_Z6rhs4_XILb1ELb0EEviiiiiiiiiPdPKdS2_S2_S2_S2_S2_S2_S2_S2_dd": {"dominant_op": "fp_64", "compute_ops": 276923627136, "dram_bytes": 247688909312, "l2_bytes": 187025123584, "opmix_efficiency": 0.7325276290633765, "mix_compute": 0.4734108374591343, "mix_ldst": 0.24927194615327186, "reference_time": 656.197651, "count": 1352}, "_Z9addsgd4_XILb1EEviiiiiiiiiPdPKdS2_S2_S2_S2_S2_S2_S2_S2_S2_S2_S2_d": {"dominant_op": "fp_64", "compute_ops": 78300885312, "dram_bytes": 231179539968, "l2_bytes": 198157859328, "opmix_efficiency": 0.6058488520571483, "mix_compute": 0.26862966859027265, "mix_ldst": 0.1910006839661114, "reference_time": 572.663138, "count": 1352}, "_Z7rhs4_v2ILb1ELb1EEviiiiiiiiiPdPKdS2_S2_S2_S2_S2_S2_S2_S2_dd": {"dominant_op": "fp_64", "compute_ops": 12762985055808, "dram_bytes": 2832513289216, "l2_bytes": 3608050341376, "opmix_efficiency": 0.7328792181527004, "mix_compute": 0.5216713630338137, "mix_ldst": 0.20778415030033745, "reference_time": 6625.703287, "count": 1352}}}
