{"app": "sw4lite", "invocation": "/g/g90/choi18/sw4lite/optimize_cuda_lassen_l1bypass/sw4lite /g/g90/choi18/sw4lite/tests/loh1/LOH.1-h63.in", "datetime": "2019-07-01 18:14:43.434839", "device": "Tesla V100-SXM2-16GB", "driver": "418.39", "platform": "Linux-4.14.0-49.18.1.bl6.ppc64le-ppc64le-with-redhat-7.5-Maipo", "version": "0.9.0", "data": {"_Z10addsgd4_SMILb1EEviiiiiiiiiPdPKdS2_S2_S2_S2_S2_S2_S2_S2_S2_S2_S2_d": {"dominant_op": "fp_64", "compute_ops": 2212550944956, "dram_bytes": 1841425280192, "l2_bytes": 2299732324160, "opmix_efficiency": 0.6135123057373804, "mix_compute": 0.32273342726429477, "mix_ldst": 0.21789701867399983, "reference_time": 3100.236158, "count": 1702}, "_Z6rhs4_XILb1ELb1EEviiiiiiiiiPdPKdS2_S2_S2_S2_S2_S2_S2_S2_dd": {"dominant_op": "fp_64", "compute_ops": 138485851080, "dram_bytes": 149864776320, "l2_bytes": 119700979200, "opmix_efficiency": 0.7309735756683702, "mix_compute": 0.4737643984291558, "mix_ldst": 0.24821244559261724, "reference_time": 408.758579, "count": 851}, "_Z7rhs4_v2ILb1ELb1EEviiiiiiiiiPdPKdS2_S2_S2_S2_S2_S2_S2_S2_dd": {"dominant_op": "fp_64", "compute_ops": 8026414024860, "dram_bytes": 1802084598624, "l2_bytes": 2393160087616, "opmix_efficiency": 0.7328805708559926, "mix_compute": 0.5272713189528905, "mix_ldst": 0.20980844092923942, "reference_time": 4049.249689, "count": 851}, "_Z9dpdmt_deviiiiiiPdS_S_S_di": {"dominant_op": "fp_64", "compute_ops": 166430315088, "dram_bytes": 1331887709440, "l2_bytes": 1331763014112, "opmix_efficiency": 0.6666666666666666, "mix_compute": 0.0938310485658851, "mix_ldst": 0.12510806475451347, "reference_time": 1606.76626, "count": 851}, "_Z7rhs4_v2ILb1ELb0EEviiiiiiiiiPdPKdS2_S2_S2_S2_S2_S2_S2_S2_dd": {"dominant_op": "fp_64", "compute_ops": 7964013283990, "dram_bytes": 1656918023104, "l2_bytes": 2355626603264, "opmix_efficiency": 0.7355649387942875, "mix_compute": 0.5238470597031534, "mix_ldst": 0.21084859566746642, "reference_time": 3789.744045, "count": 851}, "_Z6rhs4_XILb1ELb0EEviiiiiiiiiPdPKdS2_S2_S2_S2_S2_S2_S2_S2_dd": {"dominant_op": "fp_64", "compute_ops": 137847498960, "dram_bytes": 139181335936, "l2_bytes": 110216400384, "opmix_efficiency": 0.7325406349570432, "mix_compute": 0.4752202194795002, "mix_ldst": 0.2506643652119518, "reference_time": 356.889926, "count": 851}, "_Z9addsgd4_XILb1EEviiiiiiiiiPdPKdS2_S2_S2_S2_S2_S2_S2_S2_S2_S2_S2_d": {"dominant_op": "fp_64", "compute_ops": 38983186680, "dram_bytes": 126294799520, "l2_bytes": 112952862368, "opmix_efficiency": 0.6058163216724768, "mix_compute": 0.26996856524340057, "mix_ldst": 0.19214257902561166, "reference_time": 304.198619, "count": 851}}}
