{"app": "sw4lite", "invocation": "/g/g90/choi18/sw4lite/optimize_cuda_lassen_l1bypass/sw4lite /g/g90/choi18/sw4lite/tests/loh1/LOH.1-h100.in", "datetime": "2019-06-25 17:22:59.280062", "device": "Tesla V100-SXM2-16GB", "driver": "418.39", "platform": "Linux-4.14.0-49.18.1.bl6.ppc64le-ppc64le-with-redhat-7.5-Maipo", "version": "0.9.0", "data": {"_Z6rhs4_XILb1ELb1EEviiiiiiiiiPdPKdS2_S2_S2_S2_S2_S2_S2_S2_dd": {"dominant_op": "fp_64", "compute_ops": 68370275424, "dram_bytes": 74109435392, "l2_bytes": 58827586560, "opmix_efficiency": 0.7309516854436345, "mix_compute": 0.4751275694679442, "mix_ldst": 0.24823502910173043, "reference_time": 199.169005, "count": 536}, "_Z7rhs4_v2ILb1ELb1EEviiiiiiiiiPdPKdS2_S2_S2_S2_S2_S2_S2_S2_dd": {"dominant_op": "fp_64", "compute_ops": 5009102931440, "dram_bytes": 1116544927488, "l2_bytes": 1494530652416, "opmix_efficiency": 0.7328828781669491, "mix_compute": 0.5270624526799967, "mix_ldst": 0.20978499070479187, "reference_time": 2508.028429, "count": 536}, "_Z10addsgd4_SMILb1EEviiiiiiiiiPdPKdS2_S2_S2_S2_S2_S2_S2_S2_S2_S2_S2_d": {"dominant_op": "fp_64", "compute_ops": 1399823113296, "dram_bytes": 1121720320512, "l2_bytes": 1459445739008, "opmix_efficiency": 0.613494341033125, "mix_compute": 0.32275648439402144, "mix_ldst": 0.21755948339013625, "reference_time": 1895.847979, "count": 1072}, "_Z7rhs4_v2ILb1ELb0EEviiiiiiiiiPdPKdS2_S2_S2_S2_S2_S2_S2_S2_dd": {"dominant_op": "fp_64", "compute_ops": 4970201195800, "dram_bytes": 1035436224000, "l2_bytes": 1472420335104, "opmix_efficiency": 0.7355644119534013, "mix_compute": 0.5236466844094215, "mix_ldst": 0.21082534134512218, "reference_time": 2443.056124, "count": 536}, "_Z9dpdmt_deviiiiiiPdS_S_S_di": {"dominant_op": "fp_64", "compute_ops": 104708940000, "dram_bytes": 837886606080, "l2_bytes": 837866967040, "opmix_efficiency": 0.6666666666666666, "mix_compute": 0.09357365937851707, "mix_ldst": 0.12476487917135609, "reference_time": 1009.400341, "count": 536}, "_Z6rhs4_XILb1ELb0EEviiiiiiiiiPdPKdS2_S2_S2_S2_S2_S2_S2_S2_dd": {"dominant_op": "fp_64", "compute_ops": 68055075264, "dram_bytes": 69518119424, "l2_bytes": 54528626432, "opmix_efficiency": 0.7325187821831682, "mix_compute": 0.47661181753148535, "mix_ldst": 0.2507001216914317, "reference_time": 175.205438, "count": 536}}}
