{"app": "sw4lite", "invocation": "/g/g90/choi18/sw4lite/optimize_cuda_lassen/sw4lite /g/g90/choi18/sw4lite/tests/loh1/LOH.1-h100.in", "datetime": "2019-06-24 12:33:01.896663", "device": "Tesla V100-SXM2-16GB", "driver": "418.39", "platform": "Linux-4.14.0-49.18.1.bl6.ppc64le-ppc64le-with-redhat-7.5-Maipo", "version": "0.9.0", "data": {"_Z6rhs4_XILb1ELb1EEviiiiiiiiiPdPKdS2_S2_S2_S2_S2_S2_S2_S2_dd": {"dominant_op": "fp_64", "compute_ops": 68370275424, "dram_bytes": 74063896832, "l2_bytes": 58787536640, "opmix_efficiency": 0.7309516854436345, "mix_compute": 0.4751275694679442, "mix_ldst": 0.24823502910173043, "reference_time": 200.521147, "count": 536}, "_Z6rhs4_XILb1ELb0EEviiiiiiiiiPdPKdS2_S2_S2_S2_S2_S2_S2_S2_dd": {"dominant_op": "fp_64", "compute_ops": 68055075264, "dram_bytes": 69247632384, "l2_bytes": 54483156480, "opmix_efficiency": 0.7325187821831682, "mix_compute": 0.4766119014065174, "mix_ldst": 0.2507001658101043, "reference_time": 177.305041, "count": 536}, "_Z7rhs4_v2ILb1ELb0EEviiiiiiiiiPdPKdS2_S2_S2_S2_S2_S2_S2_S2_dd": {"dominant_op": "fp_64", "compute_ops": 4970201195800, "dram_bytes": 1037264953088, "l2_bytes": 1472630824448, "opmix_efficiency": 0.7355644119534013, "mix_compute": 0.5236466913698862, "mix_ldst": 0.21082534414747417, "reference_time": 2438.202155, "count": 536}, "_Z10addsgd4_SMILb1EEviiiiiiiiiPdPKdS2_S2_S2_S2_S2_S2_S2_S2_S2_S2_S2_d": {"dominant_op": "fp_64", "compute_ops": 1399823113296, "dram_bytes": 1121283013120, "l2_bytes": 1474521489408, "opmix_efficiency": 0.613494341033125, "mix_compute": 0.32275648439402144, "mix_ldst": 0.21755948339013625, "reference_time": 1905.138742, "count": 1072}, "_Z7rhs4_v2ILb1ELb1EEviiiiiiiiiPdPKdS2_S2_S2_S2_S2_S2_S2_S2_dd": {"dominant_op": "fp_64", "compute_ops": 5009102931440, "dram_bytes": 1114329678080, "l2_bytes": 1494597013504, "opmix_efficiency": 0.7328828781669491, "mix_compute": 0.5270624526799967, "mix_ldst": 0.20978499070479187, "reference_time": 2508.096595, "count": 536}, "_Z9dpdmt_deviiiiiiPdS_S_S_di": {"dominant_op": "fp_64", "compute_ops": 104708940000, "dram_bytes": 837936552704, "l2_bytes": 837886743296, "opmix_efficiency": 0.6666666666666666, "mix_compute": 0.09357365937851707, "mix_ldst": 0.12476487917135609, "reference_time": 1009.205492, "count": 536}}}
