{"app": "sw4lite", "invocation": "/g/g90/choi18/sw4lite/optimize_cuda_lassen_l1bypass/sw4lite /g/g90/choi18/sw4lite/tests/loh1/LOH.1-h100.in", "datetime": "2019-07-01 11:58:34.609214", "device": "Tesla V100-SXM2-16GB", "driver": "418.39", "platform": "Linux-4.14.0-49.18.1.bl6.ppc64le-ppc64le-with-redhat-7.5-Maipo", "version": "0.9.0", "data": {"_Z10addsgd4_SMILb1EEviiiiiiiiiPdPKdS2_S2_S2_S2_S2_S2_S2_S2_S2_S2_S2_d": {"dominant_op": "fp_64", "compute_ops": 82669672704, "dram_bytes": 61213910016, "l2_bytes": 78630565376, "opmix_efficiency": 0.6132390336329152, "mix_compute": 0.2952730595682314, "mix_ldst": 0.20313081135471933, "reference_time": 303.177454, "count": 1072}, "_Z7rhs4_v2ILb1ELb0EEviiiiiiiiiPdPKdS2_S2_S2_S2_S2_S2_S2_S2_dd": {"dominant_op": "fp_64", "compute_ops": 292102161920, "dram_bytes": 63313503488, "l2_bytes": 80136356608, "opmix_efficiency": 0.7355642438121367, "mix_compute": 0.4814023094256427, "mix_ldst": 0.194841934247315, "reference_time": 392.708657, "count": 536}, "_Z7rhs4_v2ILb1ELb1EEviiiiiiiiiPdPKdS2_S2_S2_S2_S2_S2_S2_S2_dd": {"dominant_op": "fp_64", "compute_ops": 294387665920, "dram_bytes": 63515759872, "l2_bytes": 80197160448, "opmix_efficiency": 0.7328836145570193, "mix_compute": 0.48455371594469465, "mix_ldst": 0.193885689163836, "reference_time": 413.655478, "count": 536}, "_Z6rhs4_XILb1ELb1EEviiiiiiiiiPdPKdS2_S2_S2_S2_S2_S2_S2_S2_dd": {"dominant_op": "fp_64", "compute_ops": 16587098880, "dram_bytes": 14104861440, "l2_bytes": 12240404736, "opmix_efficiency": 0.7310631831995282, "mix_compute": 0.4409447034101697, "mix_ldst": 0.23340248962655602, "reference_time": 34.1872, "count": 536}, "_Z6rhs4_XILb1ELb0EEviiiiiiiiiPdPKdS2_S2_S2_S2_S2_S2_S2_S2_dd": {"dominant_op": "fp_64", "compute_ops": 16510686720, "dram_bytes": 12981028096, "l2_bytes": 11407795200, "opmix_efficiency": 0.7326300888188688, "mix_compute": 0.4423540232733208, "mix_ldst": 0.23573630392947706, "reference_time": 28.676372, "count": 536}, "_Z9addsgd4_XILb1EEviiiiiiiiiPdPKdS2_S2_S2_S2_S2_S2_S2_S2_S2_S2_S2_d": {"dominant_op": "fp_64", "compute_ops": 4671407232, "dram_bytes": 11518322688, "l2_bytes": 12122930688, "opmix_efficiency": 0.6056782018693834, "mix_compute": 0.24981916365272755, "mix_ldst": 0.17854797579959666, "reference_time": 23.950093, "count": 536}, "_Z9dpdmt_deviiiiiiPdS_S_S_di": {"dominant_op": "fp_64", "compute_ops": 7203840000, "dram_bytes": 57855085312, "l2_bytes": 57826184192, "opmix_efficiency": 0.6666666666666666, "mix_compute": 0.09339975093399751, "mix_ldst": 0.12453300124533001, "reference_time": 70.95425, "count": 536}}}
