{"app": "sw4lite", "invocation": "/g/g90/choi18/sw4lite/optimize_cuda_lassen/sw4lite /g/g90/choi18/sw4lite/tests/pointsource/pointsource.in", "datetime": "2019-06-24 11:35:43.266153", "device": "Tesla V100-SXM2-16GB", "driver": "418.39", "platform": "Linux-4.14.0-49.18.1.bl6.ppc64le-ppc64le-with-redhat-7.5-Maipo", "version": "0.9.0", "data": {"_Z6rhs4_XILb1ELb1EEviiiiiiiiiPdPKdS2_S2_S2_S2_S2_S2_S2_S2_dd": {"dominant_op": "fp_64", "compute_ops": 1120651908, "dram_bytes": 1239887680, "l2_bytes": 965489952, "opmix_efficiency": 0.730982686612736, "mix_compute": 0.46381305447029814, "mix_ldst": 0.24319110139884276, "reference_time": 3.168683, "count": 23}, "_Z14rhs4_KboundaryILb1ELb0ELb1EEviiiiiiiiPdPKdS2_S2_S2_S2_S2_S2_S2_dd": {"dominant_op": "fp_64", "compute_ops": 6958021824, "dram_bytes": 828631488, "l2_bytes": 1878012928, "opmix_efficiency": 0.8583218707015131, "mix_compute": 0.5133388993132068, "mix_ldst": 0.27681531107034596, "reference_time": 2.910894, "count": 23}, "_Z7rhs4_v2ILb1ELb0EEviiiiiiiiiPdPKdS2_S2_S2_S2_S2_S2_S2_S2_dd": {"dominant_op": "fp_64", "compute_ops": 54032033757, "dram_bytes": 11078650304, "l2_bytes": 16216848832, "opmix_efficiency": 0.7355633483508893, "mix_compute": 0.5078749208306433, "mix_ldst": 0.20489737038610525, "reference_time": 33.664517, "count": 23}, "_Z9dpdmt_deviiiiiiPdS_S_S_di": {"dominant_op": "fp_64", "compute_ops": 1217884500, "dram_bytes": 9755485696, "l2_bytes": 9752649888, "opmix_efficiency": 0.6666666666666666, "mix_compute": 0.0930449239585674, "mix_ldst": 0.12405989861142319, "reference_time": 11.599895, "count": 23}, "_Z10addsgd4_SMILb1EEviiiiiiiiiPdPKdS2_S2_S2_S2_S2_S2_S2_S2_S2_S2_S2_d": {"dominant_op": "fp_64", "compute_ops": 15650567350, "dram_bytes": 11300117120, "l2_bytes": 16924919104, "opmix_efficiency": 0.6133325369480108, "mix_compute": 0.31414644960859944, "mix_ldst": 0.2133103743879887, "reference_time": 23.769511, "count": 46}, "_Z7rhs4_v2ILb1ELb1EEviiiiiiiiiPdPKdS2_S2_S2_S2_S2_S2_S2_S2_dd": {"dominant_op": "fp_64", "compute_ops": 54454031938, "dram_bytes": 11740772096, "l2_bytes": 16467870464, "opmix_efficiency": 0.7328875364077296, "mix_compute": 0.5111730224060412, "mix_ldst": 0.20388537322520126, "reference_time": 34.840251, "count": 23}, "_Z6rhs4_XILb1ELb0EEviiiiiiiiiPdPKdS2_S2_S2_S2_S2_S2_S2_S2_dd": {"dominant_op": "fp_64", "compute_ops": 1115486568, "dram_bytes": 1151765664, "l2_bytes": 906682080, "opmix_efficiency": 0.7325497303036604, "mix_compute": 0.4652939545327174, "mix_ldst": 0.24562271816860667, "reference_time": 2.865036, "count": 23}}}
