{"Tesla V100-SXM2-16GB": {"_ZN6miniFE25matvec_overlap_ell_kernelILNS_12MATVEC_RANGEE1ENS_12PODELLMatrixIdiiEENS_9PODVectorIdiiEEEEvT0_T1_S7_": {"estimated_time": 22.298380345768884, "type": "Memory", "krn_op_ratio": 0.008933337977951572, "dev_op_ratio": 0.01988828781374337, "deviation_angle": 0.010952565855914614, "throughput": 6.962740100065616, "bandwidth": 779.4108, "l2_bandwidth": 561.040076902887}, "_ZN6miniFE25matvec_overlap_ell_kernelILNS_12MATVEC_RANGEE0ENS_12PODELLMatrixIdiiEENS_9PODVectorIdiiEEEEvT0_T1_S7_": {"estimated_time": 731.6968960861205, "type": "Memory", "krn_op_ratio": 0.15315858654644438, "dev_op_ratio": 1.110711647704501, "deviation_angle": 0.6858248348104435, "throughput": 119.37345646703345, "bandwidth": 779.4108, "l2_bandwidth": 877.4569160895181}, "_ZN6miniFE10dot_kernelINS_9PODVectorIdiiEEEEvT_S3_PNS_10TypeTraitsINS3_10ScalarTypeEE14magnitude_typeE": {"estimated_time": 51.40677445064913, "type": "Memory", "krn_op_ratio": 0.1665576758798224, "dev_op_ratio": 1.4755987008754745, "deviation_angle": 0.8101576263991993, "throughput": 129.81685140363308, "bandwidth": 779.4108, "l2_bandwidth": 1009.0720484670475}, "_ZN6miniFE13waxpby_kernelINS_9PODVectorIdiiEEEEvNT_10ScalarTypeES3_S4_S3_S3_": {"estimated_time": 149.68271561030457, "type": "Memory", "krn_op_ratio": 0.1250840064860438, "dev_op_ratio": 1.4533004643304896, "deviation_angle": 0.8436714548119167, "throughput": 97.49182556249258, "bandwidth": 779.4108, "l2_bandwidth": 781.5456572592173}}}
