{"Tesla V100-SXM2-16GB": {"_ZN6miniFE25matvec_overlap_ell_kernelILNS_12MATVEC_RANGEE0ENS_12PODELLMatrixIdiiEENS_9PODVectorIdiiEEEEvT0_T1_S7_": {"estimated_time": 722.4640505982212, "type": "Memory", "krn_op_ratio": 0.1530647040282702, "dev_op_ratio": 1.1093810861175375, "deviation_angle": 0.6853204912436868, "throughput": 119.30028341843729, "bandwidth": 779.4108, "l2_bandwidth": 877.6067314671188}, "_ZN6miniFE13waxpby_kernelINS_9PODVectorIdiiEEEEvNT_10ScalarTypeES3_S4_S3_S3_": {"estimated_time": 148.22614604775814, "type": "Memory", "krn_op_ratio": 0.12505944492281998, "dev_op_ratio": 1.4533090818952108, "deviation_angle": 0.8436984071338585, "throughput": 97.47268201485106, "bandwidth": 779.4108, "l2_bandwidth": 781.3967734051586}, "_ZN6miniFE10dot_kernelINS_9PODVectorIdiiEEEEvT_S3_PNS_10TypeTraitsINS3_10ScalarTypeEE14magnitude_typeE": {"estimated_time": 50.93908988687352, "type": "Memory", "krn_op_ratio": 0.16647086360113433, "dev_op_ratio": 1.472600562567768, "deviation_angle": 0.8092971964324749, "throughput": 129.749188976051, "bandwidth": 779.4108, "l2_bandwidth": 1008.0521837755131}, "_ZN6miniFE25matvec_overlap_ell_kernelILNS_12MATVEC_RANGEE1ENS_12PODELLMatrixIdiiEENS_9PODVectorIdiiEEEEvT0_T1_S7_": {"estimated_time": 24.60335471871829, "type": "Memory", "krn_op_ratio": 0.023820960436874154, "dev_op_ratio": 0.056439623879375955, "deviation_angle": 0.03256335364948139, "throughput": 18.566313830872435, "bandwidth": 779.4108, "l2_bandwidth": 597.3091084533847}}}
