{"Tesla V100-SXM2-16GB": {"_ZN6miniFE25matvec_overlap_ell_kernelILNS_12MATVEC_RANGEE1ENS_12PODELLMatrixIdiiEENS_9PODVectorIdiiEEEEvT0_T1_S7_": {"estimated_time": 0.13639878739170666, "type": "Memory", "krn_op_ratio": 2.520742900281108, "dev_op_ratio": 4.96161049069974, "deviation_angle": 0.17878255434302126, "throughput": 1964.6942405024188, "bandwidth": 779.4108, "l2_bandwidth": 727.913802597609}, "_ZN6miniFE25matvec_overlap_ell_kernelILNS_12MATVEC_RANGEE0ENS_12PODELLMatrixIdiiEENS_9PODVectorIdiiEEEEvT0_T1_S7_": {"estimated_time": 10.978408613275567, "type": "Memory", "krn_op_ratio": 0.15337543456522273, "dev_op_ratio": 1.1139859184116416, "deviation_angle": 0.6870764435783695, "throughput": 119.5424701548279, "bandwidth": 779.4108, "l2_bandwidth": 877.4701532197558}, "_ZN6miniFE10dot_kernelINS_9PODVectorIdiiEEEEvT_S3_PNS_10TypeTraitsINS3_10ScalarTypeEE14magnitude_typeE": {"estimated_time": 0.6058461596888317, "type": "Memory", "krn_op_ratio": 0.1775133213881893, "dev_op_ratio": 1.477094265840462, "deviation_angle": 0.799987360220662, "throughput": 138.35579983382573, "bandwidth": 779.4108, "l2_bandwidth": 1077.2485218610707}, "_ZN6miniFE13waxpby_kernelINS_9PODVectorIdiiEEEEvNT_10ScalarTypeES3_S4_S3_S3_": {"estimated_time": 1.8387968347372141, "type": "Memory", "krn_op_ratio": 0.13598758058621538, "dev_op_ratio": 1.4533000267282827, "deviation_angle": 0.832950517214943, "throughput": 105.9901889747666, "bandwidth": 779.4108, "l2_bandwidth": 853.5224263774054}, "_ZN6thrust8cuda_cub4core13_kernel_agentINS0_14__parallel_for16ParallelForAgentINS0_20__uninitialized_fill7functorINS_10device_ptrIdEEdEEmEES9_mEEvT0_T1_": {"estimated_time": 0.25340807697301604, "type": "Memory", "krn_op_ratio": 1.6035775424341185, "dev_op_ratio": 6.25818267723185, "deviation_angle": 0.3991447264482016, "throughput": 1249.8456552106102, "bandwidth": 779.4108, "l2_bandwidth": 782.4829041306149}}}
