{"Tesla V100-SXM2-16GB": {"_ZN6miniFE10dot_kernelINS_9PODVectorIdiiEEEEvT_S3_PNS_10TypeTraitsINS3_10ScalarTypeEE14magnitude_typeE": {"estimated_time": 50.91803603439932, "type": "Memory", "krn_op_ratio": 0.1665396968334519, "dev_op_ratio": 1.472600562567768, "deviation_angle": 0.8092302200538601, "throughput": 129.8028383407182, "bandwidth": 779.4108, "l2_bandwidth": 1008.7156064955228}, "_ZN6miniFE25matvec_overlap_ell_kernelILNS_12MATVEC_RANGEE1ENS_12PODELLMatrixIdiiEENS_9PODVectorIdiiEEEEvT0_T1_S7_": {"estimated_time": 24.595440679036006, "type": "Memory", "krn_op_ratio": 0.02382862527315937, "dev_op_ratio": 0.056439623879375955, "deviation_angle": 0.032555693161448206, "throughput": 18.572287887053363, "bandwidth": 779.4108, "l2_bandwidth": 597.5522985659322}, "_ZN6miniFE25matvec_overlap_ell_kernelILNS_12MATVEC_RANGEE0ENS_12PODELLMatrixIdiiEENS_9PODVectorIdiiEEEEvT0_T1_S7_": {"estimated_time": 722.4582244125947, "type": "Memory", "krn_op_ratio": 0.15306593840189675, "dev_op_ratio": 1.1093810861175375, "deviation_angle": 0.6853192851281326, "throughput": 119.30124550257307, "bandwidth": 779.4108, "l2_bandwidth": 877.6271899451665}, "_ZN6miniFE13waxpby_kernelINS_9PODVectorIdiiEEEEvNT_10ScalarTypeES3_S4_S3_S3_": {"estimated_time": 148.20746067157398, "type": "Memory", "krn_op_ratio": 0.12507521189408563, "dev_op_ratio": 1.4533090818952108, "deviation_angle": 0.8436828829887351, "throughput": 97.4849709625388, "bandwidth": 779.4108, "l2_bandwidth": 781.4260093197375}}}
