{"Tesla P100-PCIE-16GB": {"_ZN6miniFE25matvec_overlap_ell_kernelILNS_12MATVEC_RANGEE1ENS_12PODELLMatrixIdiiEENS_9PODVectorIdiiEEEEvT0_T1_S7_": {"estimated_time": 31.709156575331964, "type": "Memory", "krn_op_ratio": 0.008933337977951572, "dev_op_ratio": 0.010383418816163508, "deviation_angle": 0.0014499453271398257, "throughput": 4.896308945687389, "bandwidth": 548.094, "l2_bandwidth": 394.532254248993}, "_ZN6miniFE25matvec_overlap_ell_kernelILNS_12MATVEC_RANGEE0ENS_12PODELLMatrixIdiiEENS_9PODVectorIdiiEEEEvT0_T1_S7_": {"estimated_time": 1040.5011971231213, "type": "Memory", "krn_op_ratio": 0.15315858654644438, "dev_op_ratio": 0.7015343687912102, "deviation_angle": 0.45977741067037975, "throughput": 83.94530233458688, "bandwidth": 548.094, "l2_bandwidth": 617.0415793150011}, "_ZN6miniFE10dot_kernelINS_9PODVectorIdiiEEEEvT_S3_PNS_10TypeTraitsINS3_10ScalarTypeEE14magnitude_typeE": {"estimated_time": 73.10241527913094, "type": "Memory", "krn_op_ratio": 0.1665576758798224, "dev_op_ratio": 0.940862394058328, "deviation_angle": 0.5898951999150969, "throughput": 91.28926280367538, "bandwidth": 548.094, "l2_bandwidth": 709.5954217371609}, "_ZN6miniFE13waxpby_kernelINS_9PODVectorIdiiEEEEvNT_10ScalarTypeES3_S4_S3_S3_": {"estimated_time": 212.85459267935792, "type": "Memory", "krn_op_ratio": 0.1250840064860438, "dev_op_ratio": 0.9382437540754774, "deviation_angle": 0.6291092704916871, "throughput": 68.55779345096168, "bandwidth": 548.094, "l2_bandwidth": 549.5952653848694}}}
