{"Tesla V100-SXM2-16GB": {"_ZN6miniFE25matvec_overlap_ell_kernelILNS_12MATVEC_RANGEE1ENS_12PODELLMatrixIdiiEENS_9PODVectorIdiiEEEEvT0_T1_S7_": {"estimated_time": 23.490140644702382, "type": "Memory", "krn_op_ratio": 0.01679028266980881, "dev_op_ratio": 0.03867654704947466, "deviation_angle": 0.021868574109158465, "throughput": 13.08652764790182, "bandwidth": 779.4108, "l2_bandwidth": 580.9821868000532}, "_ZN6miniFE25matvec_overlap_ell_kernelILNS_12MATVEC_RANGEE0ENS_12PODELLMatrixIdiiEENS_9PODVectorIdiiEEEEvT0_T1_S7_": {"estimated_time": 727.4194277831409, "type": "Memory", "krn_op_ratio": 0.15303678333745638, "dev_op_ratio": 1.1100431388519119, "deviation_angle": 0.6856444631401746, "throughput": 119.27852173047354, "bandwidth": 779.4108, "l2_bandwidth": 877.2139455783573}, "_ZN6miniFE13waxpby_kernelINS_9PODVectorIdiiEEEEvNT_10ScalarTypeES3_S4_S3_S3_": {"estimated_time": 148.9663934243662, "type": "Memory", "krn_op_ratio": 0.12506018651098755, "dev_op_ratio": 1.4533019144514707, "deviation_angle": 0.8436953738740287, "throughput": 97.47326001667801, "bandwidth": 779.4108, "l2_bandwidth": 781.3773351443762}, "_ZN6miniFE10dot_kernelINS_9PODVectorIdiiEEEEvT_S3_PNS_10TypeTraitsINS3_10ScalarTypeEE14magnitude_typeE": {"estimated_time": 51.16178118137444, "type": "Memory", "krn_op_ratio": 0.1665487546046693, "dev_op_ratio": 1.474102691255815, "deviation_angle": 0.809695150088022, "throughput": 129.809898065429, "bandwidth": 779.4108, "l2_bandwidth": 1008.9483909288175}}}
