{"Tesla V100-SXM2-16GB": {"_Z10addsgd4_SMILb1EEviiiiiiiiiPdPKdS2_S2_S2_S2_S2_S2_S2_S2_S2_S2_S2_d": {"estimated_time": 78.53869874012524, "type": "Memory", "krn_op_ratio": 1.350504692191561, "dev_op_ratio": 2.521188399793628, "deviation_angle": 0.2597649854125667, "throughput": 1052.5979425447783, "bandwidth": 779.4108, "l2_bandwidth": 1001.1696989808647}, "_Z7rhs4_v2ILb1ELb0EEviiiiiiiiiPdPKdS2_S2_S2_S2_S2_S2_S2_S2_dd": {"estimated_time": 93.62288390986625, "type": "Compute", "krn_op_ratio": 4.613583924878885, "dev_op_ratio": 4.0030068859633685, "deviation_angle": -0.03135249825763129, "throughput": 3119.986799394218, "bandwidth": 676.260982827168, "l2_bandwidth": 855.9483884853391}, "_Z7rhs4_v2ILb1ELb1EEviiiiiiiiiPdPKdS2_S2_S2_S2_S2_S2_S2_S2_dd": {"estimated_time": 94.32417814042824, "type": "Compute", "krn_op_ratio": 4.634875919193348, "dev_op_ratio": 4.00433276817755, "deviation_angle": -0.032225880282634664, "throughput": 3121.0202063114784, "bandwidth": 673.3772943925238, "l2_bandwidth": 850.2290932087828}, "_Z6rhs4_XILb1ELb1EEviiiiiiiiiPdPKdS2_S2_S2_S2_S2_S2_S2_S2_dd": {"estimated_time": 18.096825756071127, "type": "Memory", "krn_op_ratio": 1.1759845320394724, "dev_op_ratio": 3.688838619074054, "deviation_angle": 0.43997232873679387, "throughput": 916.5750449045108, "bandwidth": 779.4108, "l2_bandwidth": 676.3840742564252}, "_Z6rhs4_XILb1ELb0EEviiiiiiiiiPdPKdS2_S2_S2_S2_S2_S2_S2_S2_dd": {"estimated_time": 16.65492458662364, "type": "Memory", "krn_op_ratio": 1.2719090196783132, "dev_op_ratio": 3.696213318449795, "deviation_angle": 0.40205994915330395, "throughput": 991.3396265546897, "bandwidth": 779.4108, "l2_bandwidth": 684.9502764583}, "_Z9addsgd4_XILb1EEviiiiiiiiiPdPKdS2_S2_S2_S2_S2_S2_S2_S2_S2_S2_S2_d": {"estimated_time": 14.778243627109093, "type": "Memory", "krn_op_ratio": 0.4055631499946392, "dev_op_ratio": 2.29553027534059, "deviation_angle": 0.7746642378218369, "throughput": 316.10029918784176, "bandwidth": 779.4108, "l2_bandwidth": 820.3228336120939}, "_Z9dpdmt_deviiiiiiPdS_S_S_di": {"estimated_time": 74.22925793689285, "type": "Memory", "krn_op_ratio": 0.12451524288921612, "dev_op_ratio": 1.3050976914300825, "deviation_angle": 0.7931134269639453, "throughput": 97.04852507247824, "bandwidth": 779.4108, "l2_bandwidth": 779.0214505601258}}}
