{"Tesla V100-SXM2-16GB": {"_Z6rhs4_XILb1ELb0EEviiiiiiiiiPdPKdS2_S2_S2_S2_S2_S2_S2_S2_dd": {"estimated_time": 43.796323109713136, "type": "Memory", "krn_op_ratio": 0.9873265596940155, "dev_op_ratio": 3.724714032195826, "deviation_angle": 0.5294834455668034, "throughput": 769.5329837523603, "bandwidth": 779.4108, "l2_bandwidth": 618.7210555579786}, "_Z9addsgd4_XILb1EEviiiiiiiiiPdPKdS2_S2_S2_S2_S2_S2_S2_S2_S2_S2_S2_d": {"estimated_time": 40.59107377008377, "type": "Memory", "krn_op_ratio": 0.30135177810969277, "dev_op_ratio": 2.317813577677995, "deviation_angle": 0.8707862023873244, "throughput": 234.87683045789814, "bandwidth": 779.4108, "l2_bandwidth": 685.5585867380855}, "_Z7rhs4_v2ILb1ELb1EEviiiiiiiiiPdPKdS2_S2_S2_S2_S2_S2_S2_S2_dd": {"estimated_time": 390.61118170461185, "type": "Compute", "krn_op_ratio": 4.514857028540178, "dev_op_ratio": 4.030652282019962, "deviation_angle": -0.025216516351648243, "throughput": 3141.5339196510045, "bandwidth": 695.8213515493711, "l2_bandwidth": 954.9572921189006}, "_Z7rhs4_v2ILb1ELb0EEviiiiiiiiiPdPKdS2_S2_S2_S2_S2_S2_S2_S2_dd": {"estimated_time": 387.69670746656396, "type": "Compute", "krn_op_ratio": 4.886890072272561, "dev_op_ratio": 4.029420754189779, "deviation_angle": -0.04141728459984596, "throughput": 3140.5740535596588, "bandwidth": 642.6528952183266, "l2_bandwidth": 945.6849005394763}, "_Z10addsgd4_SMILb1EEviiiiiiiiiPdPKdS2_S2_S2_S2_S2_S2_S2_S2_S2_S2_S2_d": {"estimated_time": 320.660185093663, "type": "Memory", "krn_op_ratio": 1.374756120718846, "dev_op_ratio": 2.551207862695313, "deviation_angle": 0.25531477391288465, "throughput": 1071.4997678543723, "bandwidth": 779.4108, "l2_bandwidth": 1113.186516123714}, "_Z6rhs4_XILb1ELb1EEviiiiiiiiiPdPKdS2_S2_S2_S2_S2_S2_S2_S2_dd": {"estimated_time": 47.33765368403928, "type": "Memory", "krn_op_ratio": 0.9176930266483627, "dev_op_ratio": 3.717355795744712, "deviation_angle": 0.5655042273749825, "throughput": 715.2598560544217, "bandwidth": 779.4108, "l2_bandwidth": 619.7200840541697}, "_Z9dpdmt_deviiiiiiPdS_S_S_di": {"estimated_time": 277.9178569247437, "type": "Memory", "krn_op_ratio": 0.1248431187012406, "dev_op_ratio": 1.2897736042501686, "deviation_angle": 0.7870796797458934, "throughput": 97.3040750214289, "bandwidth": 779.4108, "l2_bandwidth": 779.1627013684008}}}
