{"Tesla V100-SXM2-16GB": {"_Z6rhs4_XILb1ELb0EEviiiiiiiiiPdPKdS2_S2_S2_S2_S2_S2_S2_S2_dd": {"estimated_time": 43.75695371939932, "type": "Memory", "krn_op_ratio": 0.9882148858088783, "dev_op_ratio": 3.724714032195826, "deviation_angle": 0.5290338174906635, "throughput": 770.2253547202065, "bandwidth": 779.4108, "l2_bandwidth": 619.741845053931}, "_Z6rhs4_XILb1ELb1EEviiiiiiiiiPdPKdS2_S2_S2_S2_S2_S2_S2_S2_dd": {"estimated_time": 47.35862575165753, "type": "Memory", "krn_op_ratio": 0.9172866398518245, "dev_op_ratio": 3.717355795744712, "deviation_angle": 0.5657248754021228, "throughput": 714.9431137962224, "bandwidth": 779.4108, "l2_bandwidth": 620.189190666539}, "_Z9addsgd4_XILb1EEviiiiiiiiiPdPKdS2_S2_S2_S2_S2_S2_S2_S2_S2_S2_S2_d": {"estimated_time": 40.59342845133786, "type": "Memory", "krn_op_ratio": 0.3013342977585652, "dev_op_ratio": 2.317813577677995, "deviation_angle": 0.8708022275330076, "throughput": 234.8632060834415, "bandwidth": 779.4108, "l2_bandwidth": 686.2443064003356}, "_Z9dpdmt_deviiiiiiPdS_S_S_di": {"estimated_time": 277.9519667933778, "type": "Memory", "krn_op_ratio": 0.12482779813190663, "dev_op_ratio": 1.2897736042501686, "deviation_angle": 0.7870947652247586, "throughput": 97.29213400422785, "bandwidth": 779.4108, "l2_bandwidth": 779.0021045793108}, "_Z10addsgd4_SMILb1EEviiiiiiiiiPdPKdS2_S2_S2_S2_S2_S2_S2_S2_S2_S2_S2_d": {"estimated_time": 320.38246474388086, "type": "Memory", "krn_op_ratio": 1.3759478143747905, "dev_op_ratio": 2.5512078231196846, "deviation_angle": 0.25490264504096727, "throughput": 1072.428586760107, "bandwidth": 779.4108, "l2_bandwidth": 1114.1086419612402}, "_Z7rhs4_v2ILb1ELb1EEviiiiiiiiiPdPKdS2_S2_S2_S2_S2_S2_S2_S2_dd": {"estimated_time": 390.61118170461185, "type": "Compute", "krn_op_ratio": 4.516246990088954, "dev_op_ratio": 4.030652282019962, "deviation_angle": -0.025281497554802874, "throughput": 3141.5339196510045, "bandwidth": 695.6071991955266, "l2_bandwidth": 955.0058134129335}, "_Z7rhs4_v2ILb1ELb0EEviiiiiiiiiPdPKdS2_S2_S2_S2_S2_S2_S2_S2_dd": {"estimated_time": 387.69670746656396, "type": "Compute", "krn_op_ratio": 4.872513295843311, "dev_op_ratio": 4.029420754189779, "deviation_angle": -0.04083784315493004, "throughput": 3140.5740535596588, "bandwidth": 644.5490987656922, "l2_bandwidth": 945.7054724964892}}}
