{"app": "miniFE.x", "invocation": "/g/g90/choi18/miniFE/cuda/src/miniFE.x --num_devices 2 -nx 400 -ny 200 -nz 200", "datetime": "2019-07-15 17:56:49.687686", "device": "Tesla V100-SXM2-16GB", "driver": "418.39", "platform": "Linux-4.14.0-49.18.1.bl6.ppc64le-ppc64le-with-redhat-7.5-Maipo", "version": "0.9.0", "data": {"_ZN6miniFE25matvec_overlap_ell_kernelILNS_12MATVEC_RANGEE1ENS_12PODELLMatrixIdiiEENS_9PODVectorIdiiEEEEvT0_T1_S7_": {"dominant_op": "fp_64", "compute_ops": 155257827, "dram_bytes": 17379598464, "l2_bytes": 12510285024, "opmix_efficiency": 0.950295757528038, "mix_compute": 0.0006603680213398634, "mix_ldst": 0.015044694780875341, "reference_time": 44.329282, "count": 201}, "_ZN6miniFE25matvec_overlap_ell_kernelILNS_12MATVEC_RANGEE0ENS_12PODELLMatrixIdiiEENS_9PODVectorIdiiEEEEvT0_T1_S7_": {"dominant_op": "fp_64", "compute_ops": 87345187572, "dram_bytes": 570292463136, "l2_bytes": 642032501952, "opmix_efficiency": 1.0, "mix_compute": 0.05119304485415826, "mix_ldst": 0.15750990258873573, "reference_time": 715.826514, "count": 201}, "_ZN6miniFE10dot_kernelINS_9PODVectorIdiiEEEEvT_S3_PNS_10TypeTraitsINS3_10ScalarTypeEE14magnitude_typeE": {"dominant_op": "fp_64", "compute_ops": 6673465600, "dram_bytes": 40066995200, "l2_bytes": 51873139200, "opmix_efficiency": 0.9695899233146091, "mix_compute": 0.07217285573200251, "mix_ldst": 0.1487438657639498, "reference_time": 47.044121, "count": 400}, "_ZN6miniFE13waxpby_kernelINS_9PODVectorIdiiEEEEvNT_10ScalarTypeES3_S4_S3_S3_": {"dominant_op": "fp_64", "compute_ops": 14592841200, "dram_bytes": 116664325120, "l2_bytes": 116983876352, "opmix_efficiency": 0.75, "mix_compute": 0.09523718374965724, "mix_ldst": 0.14285577562448587, "reference_time": 137.73158, "count": 602}}}
