{"app": "miniFE.x", "invocation": "/g/g90/choi18/miniFE/cuda/src/miniFE.x --num_devices 4 -nx 800 -ny 400 -nz 400", "datetime": "2019-07-15 19:32:40.705200", "device": "Tesla V100-SXM2-16GB", "driver": "418.39", "platform": "Linux-4.14.0-49.18.1.bl6.ppc64le-ppc64le-with-redhat-7.5-Maipo", "version": "0.9.0", "data": {"_ZN6miniFE10dot_kernelINS_9PODVectorIdiiEEEEvT_S3_PNS_10TypeTraitsINS3_10ScalarTypeEE14magnitude_typeE": {"dominant_op": "fp_64", "compute_ops": 6609305600, "dram_bytes": 39686067200, "l2_bytes": 51361817600, "opmix_efficiency": 0.9693037784585812, "mix_compute": 0.07198453675116104, "mix_ldst": 0.14839702842712468, "reference_time": 46.605451, "count": 400}, "_ZN6miniFE25matvec_overlap_ell_kernelILNS_12MATVEC_RANGEE1ENS_12PODELLMatrixIdiiEENS_9PODVectorIdiiEEEEvT0_T1_S7_": {"dominant_op": "fp_64", "compute_ops": 456793605, "dram_bytes": 19169952096, "l2_bytes": 14697062112, "opmix_efficiency": 0.9500833191889987, "mix_compute": 0.0018940315806612942, "mix_ldst": 0.018162082986601845, "reference_time": 44.907403, "count": 201}, "_ZN6miniFE25matvec_overlap_ell_kernelILNS_12MATVEC_RANGEE0ENS_12PODELLMatrixIdiiEENS_9PODVectorIdiiEEEEvT0_T1_S7_": {"dominant_op": "fp_64", "compute_ops": 86190165996, "dram_bytes": 563091742656, "l2_bytes": 634048981344, "opmix_efficiency": 1.0, "mix_compute": 0.05110186877487568, "mix_ldst": 0.15724305731670948, "reference_time": 704.064474, "count": 201}, "_ZN6miniFE13waxpby_kernelINS_9PODVectorIdiiEEEEvNT_10ScalarTypeES3_S4_S3_S3_": {"dominant_op": "fp_64", "compute_ops": 14448000000, "dram_bytes": 115514495488, "l2_bytes": 115813164544, "opmix_efficiency": 0.75, "mix_compute": 0.09523809523809523, "mix_ldst": 0.14285714285714285, "reference_time": 136.215645, "count": 602}}}
