{"app": "miniFE.x", "invocation": "/g/g90/choi18/miniFE/cuda/src/miniFE.x --num_devices 4 -nx 400 -ny 400 -nz 200", "datetime": "2019-07-15 18:12:50.757217", "device": "Tesla V100-SXM2-16GB", "driver": "418.39", "platform": "Linux-4.14.0-49.18.1.bl6.ppc64le-ppc64le-with-redhat-7.5-Maipo", "version": "0.9.0", "data": {"_ZN6miniFE25matvec_overlap_ell_kernelILNS_12MATVEC_RANGEE1ENS_12PODELLMatrixIdiiEENS_9PODVectorIdiiEEEEvT0_T1_S7_": {"dominant_op": "fp_64", "compute_ops": 307404375, "dram_bytes": 18308469312, "l2_bytes": 13647353280, "opmix_efficiency": 0.9501737726876801, "mix_compute": 0.0012912608135854948, "mix_ldst": 0.016645086046851807, "reference_time": 44.870091, "count": 201}, "_ZN6miniFE25matvec_overlap_ell_kernelILNS_12MATVEC_RANGEE0ENS_12PODELLMatrixIdiiEENS_9PODVectorIdiiEEEEvT0_T1_S7_": {"dominant_op": "fp_64", "compute_ops": 86765514024, "dram_bytes": 566958558144, "l2_bytes": 638102466336, "opmix_efficiency": 1.0, "mix_compute": 0.051147202958843625, "mix_ldst": 0.1573755677490734, "reference_time": 712.83461, "count": 201}, "_ZN6miniFE13waxpby_kernelINS_9PODVectorIdiiEEEEvNT_10ScalarTypeES3_S4_S3_S3_": {"dominant_op": "fp_64", "compute_ops": 14520240000, "dram_bytes": 116106015872, "l2_bytes": 116398963520, "opmix_efficiency": 0.75, "mix_compute": 0.09523733712993898, "mix_ldst": 0.14285600569490847, "reference_time": 136.999555, "count": 602}, "_ZN6miniFE10dot_kernelINS_9PODVectorIdiiEEEEvT_S3_PNS_10TypeTraitsINS3_10ScalarTypeEE14magnitude_typeE": {"dominant_op": "fp_64", "compute_ops": 6641305600, "dram_bytes": 39876044800, "l2_bytes": 51619596800, "opmix_efficiency": 0.9694471640720174, "mix_compute": 0.07207886165810311, "mix_ldst": 0.14857076981588244, "reference_time": 46.862807, "count": 400}}}
